MUTATION_ID,gene,AA,GCV_Res_red,GCV_EC50_fc,CDV_Res_red,CDV_EC50 _fc,FOS_Red_res,FOS_EC50_fc,BCV_Res_red,BCV_EC50_Fc,Letermovir_Res_red,Letermovir_EC50_fc,Tomeglovir_Res_red,Tomeglovir_EC50_fc,GW275175X_Res_red,GW275175X_EC50_fc,Maribavir_Res_red,Maribavir_EC50_fc,Cyclopropavir_Res_red,Cyclopropavir_EC50_fc,Ref,Ref-sub,Protein_Loc,Tested-Hypothesised,co-gene,co-AA,Created_date,Created_by,note
1,UL97,L959S,R,"5,10",,,,,,,,,,,,,,,,,Rev. Med. Virol. 2016; 26: 161–182,,,Tested,,,17/11/2019,OJCharles,
2,UL97,L595T,R,"2,4",,,,,,,,,,,,,,,,,Rev. Med. Virol. 2016; 26: 161–182,,,Tested,,,17/11/2019,OJCharles,
3,UL97,I1610T,R,"2,4",,,,,,,,,,,,,,,,,Rev. Med. Virol. 2016; 26: 161–182,,,Tested,,,17/11/2019,OJCharles,
4,UL97,del1600,r,,,,,,,,,,,,,,,,,,Rev. Med. Virol. 2016; 26: 161–182,,,Tested,,,17/11/2019,OJCharles,
5,UL97,V498I,,,,,,,,,,,,,,,,,,,Rev. Med. Virol. 2016; 26: 161–182,,,Hypothesised,,,17/11/2019,OJCharles,
6,UL97,A590T,,,,,,,,,,,,,,,,,,,Rev. Med. Virol. 2016; 26: 161–182,,,Hypothesised,,,17/11/2019,OJCharles,
7,UL97,A591D,,,,,,,,,,,,,,,,,,,Rev. Med. Virol. 2016; 26: 161–182,,,Hypothesised,,,17/11/2019,OJCharles,
8,UL97,N597I,,,,,,,,,,,,,,,,,,,Rev. Med. Virol. 2016; 26: 161–182,,,Hypothesised,,,17/11/2019,OJCharles,
9,UL97,G598V,,,,,,,,,,,,,,,,,,,Rev. Med. Virol. 2016; 26: 161–182,,,Hypothesised,,,17/11/2019,OJCharles,
10,UL97,K599M,,,,,,,,,,,,,,,,,,,Rev. Med. Virol. 2016; 26: 161–182,,,Hypothesised,,,17/11/2019,OJCharles,
11,UL97,del600-601,,,,,,,,,,,,,,,,,,,Rev. Med. Virol. 2016; 26: 161–182,,,Hypothesised,,,17/11/2019,OJCharles,
12,UL97,del601-602,,,,,,,,,,,,,,,,,,,Rev. Med. Virol. 2016; 26: 161–182,,,Hypothesised,,,17/11/2019,OJCharles,
13,UL97,C603Y,,,,,,,,,,,,,,,,,,,Rev. Med. Virol. 2016; 26: 161–182,,,Hypothesised,,,17/11/2019,OJCharles,
14,UL97,del597-603,,,,,,,,,,,,,,,,,,,Rev. Med. Virol. 2016; 26: 161–182,,,Hypothesised,,,17/11/2019,OJCharles,
15,UL97,C606D,,,,,,,,,,,,,,,,,,,Rev. Med. Virol. 2016; 26: 161–182,,,Hypothesised,,,17/11/2019,OJCharles,
16,UL97,C607S,,,,,,,,,,,,,,,,,,,Rev. Med. Virol. 2016; 26: 161–182,,,Hypothesised,,,17/11/2019,OJCharles,
17,UL97,D605E,r,,,,,,,,,,,,,,,,,,Rev. Med. Virol. 2016; 26: 161–182,,,Hypothesised,,,17/11/2019,OJCharles,
18,UL97,F342S,R,7.8,,,,,,,,,,,,,,,,,Rev. Med. Virol. 2016; 26: 161–182,,,Tested,,,17/11/2019,OJCharles,
19,UL97,del355,R,16,,,,,,,,,,,,,,,,,Rev. Med. Virol. 2016; 26: 161–182,,,Tested,,,17/11/2019,OJCharles,
20,UL97,V356G,R,5.5,,,,,,,,,,,,,,,,,Rev. Med. Virol. 2016; 26: 161–182,,,Tested,,,17/11/2019,OJCharles,
21,UL97,L405P,R,2.5,,,,,,,,,,,,,,,,,Rev. Med. Virol. 2016; 26: 161–182,,,Tested,,,17/11/2019,OJCharles,
22,UL97,D456N,R,12,,,,,,,,,,,,,,,,,Rev. Med. Virol. 2016; 26: 161–182,,,Tested,,,17/11/2019,OJCharles,
23,UL97,M460I,R,5,,,,,,,,,,,,,,,,,Rev. Med. Virol. 2016; 26: 161–182,,,Tested,,,17/11/2019,OJCharles,
24,UL97,M460T,R,9.3,,,,,,,,,,,,,,,,,Rev. Med. Virol. 2016; 26: 161–182,,,Tested,,,17/11/2019,OJCharles,
25,UL97,M460V,R,8.3,,,,,,,,,,,,,,,,,Rev. Med. Virol. 2016; 26: 161–182,,,Tested,,,17/11/2019,OJCharles,
26,UL97,V466G,R,3.5,,,,,,,,,,,,,,,,,Rev. Med. Virol. 2016; 26: 161–182,,,Tested,,,17/11/2019,OJCharles,
27,UL97,C480R,R,9,,,,,,,,,,,,,,,,,Rev. Med. Virol. 2016; 26: 161–182,,,Tested,,,17/11/2019,OJCharles,
28,UL97,C518Y,R,12,,,,,,,,,,,,,,,,,Rev. Med. Virol. 2016; 26: 161–182,,,Tested,,,17/11/2019,OJCharles,
29,UL97,H520Q,R,10,,,,,,,,,,,,,,,,,Rev. Med. Virol. 2016; 26: 161–182,,,Tested,,,17/11/2019,OJCharles,
30,UL97,P521L,R,17,,,,,,,,,,,,,,,,,Rev. Med. Virol. 2016; 26: 161–182,,,Tested,,,17/11/2019,OJCharles,
31,UL97,del591-594,R,6,,,,,,,,,,,,,,,,,Rev. Med. Virol. 2016; 26: 161–182,,,Tested,,,17/11/2019,OJCharles,
32,UL97,del590-600,R,6.3,,,,,,,,,,,,,,,,,Rev. Med. Virol. 2016; 26: 161–182,,,Tested,,,17/11/2019,OJCharles,
33,UL97,del590-603,,,,,,,,,,,,,,,,,,,Rev. Med. Virol. 2016; 26: 161–182,,,Tested,,,17/11/2019,OJCharles,
34,UL97,A591V,r,1.3,,,,,,,,,,,,,,,,,Rev. Med. Virol. 2016; 26: 161–182,,,Tested,,,17/11/2019,OJCharles,
35,UL97,del591-607,R,6.2,,,,,,,,,,,,,,,,,Rev. Med. Virol. 2016; 26: 161–182,,,Tested,,,17/11/2019,OJCharles,
36,UL97,C592F,R,31.5,,,,,,,,,,,,,,,,,Rev. Med. Virol. 2016; 26: 161–182,,,Tested,,,17/11/2019,OJCharles,
37,UL97,C592G,R,2.9,,,,,,,,,,,,,,,,,Rev. Med. Virol. 2016; 26: 161–182,,,Tested,,,17/11/2019,OJCharles,
38,UL97,A594E,R,3,,,,,,,,,,,,,,,,,Rev. Med. Virol. 2016; 26: 161–182,,,Tested,,,17/11/2019,OJCharles,
39,UL97,A594G,R,13.5,,,,,,,,,,,,,,,,,Rev. Med. Virol. 2016; 26: 161–182,,,Tested,,,17/11/2019,OJCharles,
40,UL97,A594P,R,2.9,,,,,,,,,,,,,,,,,Rev. Med. Virol. 2016; 26: 161–182,,,Tested,,,17/11/2019,OJCharles,
41,UL97,A594T,R,2.7,,,,,,,,,,,,,,,,,Rev. Med. Virol. 2016; 26: 161–182,,,Tested,,,17/11/2019,OJCharles,
42,UL97,A594V,R,8.3,,,,,,,,,,,,,,,,,Rev. Med. Virol. 2016; 26: 161–182,,,Tested,,,17/11/2019,OJCharles,
43,UL97,L595F,R,15.7,,,,,,,,,,,,,,,,,Rev. Med. Virol. 2016; 26: 161–182,,,Tested,,,17/11/2019,OJCharles,
44,UL97,L595S,R,9.2,,,,,,,,,,,,,,,,,Rev. Med. Virol. 2016; 26: 161–182,,,Tested,,,17/11/2019,OJCharles,
45,UL97,L595W,R,5.1,,,,,,,,,,,,,,,,,Rev. Med. Virol. 2016; 26: 161–182,,,Tested,,,17/11/2019,OJCharles,
46,UL97,del595,R,13.3,,,,,,,,,,,,,,,,,Rev. Med. Virol. 2016; 26: 161–182,,,Tested,,,17/11/2019,OJCharles,
47,UL97,del595-603,R,8.4,,,,,,,,,,,,,,,,,Rev. Med. Virol. 2016; 26: 161–182,,,Tested,,,17/11/2019,OJCharles,
48,UL97,del596,,,,,,,,,,,,,,,,,,,Rev. Med. Virol. 2016; 26: 161–182,,,Tested,,,17/11/2019,OJCharles,
49,UL97,E596G,R,2.3,,,,,,,,,,,,,,,,,Rev. Med. Virol. 2016; 26: 161–182,,,Tested,,,17/11/2019,OJCharles,
50,UL97,E596Y*,R,6.4,,,,,,,,,,,,,,,,,Rev. Med. Virol. 2016; 26: 161–182,,,Tested,,,17/11/2019,OJCharles,
51,UL97,G598S,,,,,,,,,,,,,,,,,,,Rev. Med. Virol. 2016; 26: 161–182,,,Tested,,,17/11/2019,OJCharles,
52,UL97,K599E,,,,,,,,,,,,,,,,,,,Rev. Med. Virol. 2016; 26: 161–182,,,Tested,,,17/11/2019,OJCharles,
53,UL97,K599T,R,5.3,,,,,,,,,,,,,,,,,Rev. Med. Virol. 2016; 26: 161–182,,,Tested,,,17/11/2019,OJCharles,
54,UL97,del600,,1.9,,,,,,,,,,,,,,,,,Rev. Med. Virol. 2016; 26: 161–182,,,Tested,,,17/11/2019,OJCharles,
55,UL97,del601-603,,11,,,,,,,,,,,,,,,,,Rev. Med. Virol. 2016; 26: 161–182,,,Tested,,,17/11/2019,OJCharles,
56,UL97,C603R,R,3.6-8.3,,,,,,,,,,,,,,,,,Rev. Med. Virol. 2016; 26: 161–182,,,Tested,,,17/11/2019,OJCharles,
57,UL97,C603S,r,1.9,,,,,,,,,,,,,,,,,Rev. Med. Virol. 2016; 26: 161–182,,,Tested,,,17/11/2019,OJCharles,
58,UL97,C603W,R,8,,,,,,,,,,,,,,,,,Rev. Med. Virol. 2016; 26: 161–182,,,Tested,,,17/11/2019,OJCharles,
59,UL97,C607F,r,1.9,,,,,,,,,,,,,,,,,Rev. Med. Virol. 2016; 26: 161–182,,,Tested,,,17/11/2019,OJCharles,
60,UL97,C607Y*,R,12.5,,,,,,,,,,,,,,,,,Rev. Med. Virol. 2016; 26: 161–182,,,Tested,,,17/11/2019,OJCharles,
61,UL97,I610T,R,2.8,,,,,,,,,,,,,,,,,Rev. Med. Virol. 2016; 26: 161–182,,,Tested,,,17/11/2019,OJCharles,
62,UL97,A613V,R,2.3,,,,,,,,,,,,,,,,,Rev. Med. Virol. 2016; 26: 161–182,,,Tested,,,17/11/2019,OJCharles,
63,UL97,del617,,10,,,,,,,,,,,,,,,,,Rev. Med. Virol. 2016; 26: 161–182,,,Tested,,,17/11/2019,OJCharles,
64,UL97,E655K,r,1.7,,,,,,,,,,,,,,,,,Rev. Med. Virol. 2016; 26: 161–182,,,Tested,,,17/11/2019,OJCharles,
65,UL54,D301N,R,2.6,R,3,S,0.5,,,,,,,,,,,,,Rev. Med. Virol. 2016; 26: 161–182,"[51,117]",ExoI,Tested,,,17/11/2019,OJCharles,
66,UL54,N408D,R,4.9,R,5.6,S,1.3,,,,,,,,,,,,,Rev. Med. Virol. 2016; 26: 161–182,"[51,64,74,78,79,94,118–120]",IV/Exo II,Tested,,,17/11/2019,OJCharles,
67,UL54,N408K,R,4.2,R,21,S,0.7,,,,,,,,,,,,,Rev. Med. Virol. 2016; 26: 161–182,"[51,74,79,120]",IV/Exo II,Tested,,,17/11/2019,OJCharles,
68,UL54,N408S,R,3.1,R,7.5,S,1,,,,,,,,,,,,,Rev. Med. Virol. 2016; 26: 161–182,[121],IV/Exo II,Tested,,,17/11/2019,OJCharles,
69,UL54,N410K,R,2.9,R,3,S,0.8,,,,,,,,,,,,,Rev. Med. Virol. 2016; 26: 161–182,"[51,117]",IV/Exo II,Tested,,,17/11/2019,OJCharles,
70,UL54,F412C,R,4.2,R,18,S,1.2,,,,,,,,,,,,,Rev. Med. Virol. 2016; 26: 161–182,"[51,64,67,72,89]",IV/Exo II,Tested,,,17/11/2019,OJCharles,
71,UL54,F412L,R,4.6,R,9.4,S,1.1,,,,,,,,,,,,,Rev. Med. Virol. 2016; 26: 161–182,"[49,51,122]",IV/Exo II,Tested,,,17/11/2019,OJCharles,
72,UL54,F412S,R,5.3,R,13,S,0.8,,,,,,,,,,,,,Rev. Med. Virol. 2016; 26: 161–182,"[49,51,65,122]",IV/Exo II,Tested,,,17/11/2019,OJCharles,
73,UL54,F412V,R,4.3,R,15.5,S,1.1,,,,,,,,,,,,,Rev. Med. Virol. 2016; 26: 161–182,"[51,118]",IV/Exo II,Tested,,,17/11/2019,OJCharles,
74,UL54,D413A,R,6.5,R,11,S,0.8,,,,,,,,,,,,,Rev. Med. Virol. 2016; 26: 161–182,"[51,82]",IV/Exo II,Tested,,,17/11/2019,OJCharles,
75,UL54,D413E,R,4.8,R,4.3,S,0.8,,,,,,,,,,,,,Rev. Med. Virol. 2016; 26: 161–182,"[51,78,79,117]",IV/Exo II,Tested,,,17/11/2019,OJCharles,
76,UL54,D413N,R,3.8,R,10,S,1,,,,,,,,,,,,,Rev. Med. Virol. 2016; 26: 161–182,[123],IV/Exo II,Tested,,,17/11/2019,OJCharles,
77,UL54,P488R,R,3.5,R,7.9,S,0.6,,,,,,,,,,,,,Rev. Med. Virol. 2016; 26: 161–182,"[49,119]",Outside Conserved Region,Tested,,,17/11/2019,OJCharles,
78,UL54,N495K,S,1.1,S,1.1,R,3.4,,,,,,,,,,,,,Rev. Med. Virol. 2016; 26: 161–182,"[51,73,124]",∂-Region C,Tested,,,17/11/2019,OJCharles,
79,UL54,K500N,R,3.2,R,3,S,1.2,,,,,,,,,,,,,Rev. Med. Virol. 2016; 26: 161–182,"[49,119]",∂-Region C,Tested,,,17/11/2019,OJCharles,
80,UL54,L501I,R,6,R,9.1,S,1.4,,,,,,,,,,,,,Rev. Med. Virol. 2016; 26: 161–182,"[51,64,72,74,118]",∂-Region C,Tested,,,17/11/2019,OJCharles,
81,UL54,T503I,R,2.9,R,6.1,S,0.5,,,,,,,,,,,,,Rev. Med. Virol. 2016; 26: 161–182,"[51,64,72,74,117]",∂-Region C,Tested,,,17/11/2019,OJCharles,
82,UL54,A505V,r,1.8,R,2,S,1.1,,,,,,,,,,,,,Rev. Med. Virol. 2016; 26: 161–182,[125],∂-Region C,Tested,,,17/11/2019,OJCharles,
83,UL54,K513E,R,5,R,9.1,S,1.4,,,,,,,,,,,,,Rev. Med. Virol. 2016; 26: 161–182,"[51,64,67,118]",∂-Region C,Tested,,,17/11/2019,OJCharles,
84,UL54,K513N,R,6,R,12.5,S,1.5,,,,,,,,,,,,,Rev. Med. Virol. 2016; 26: 161–182,"[51,126]",∂-Region C,Tested,,,17/11/2019,OJCharles,
85,UL54,K513R,R,3.7,R,10,S,1.1,,,,,,,,,,,,,Rev. Med. Virol. 2016; 26: 161–182,"[64,123]",∂-Region C,Tested,,,17/11/2019,OJCharles,
86,UL54,D515E,R,2.7,,,R,4.6,,,,,,,,,,,,,Rev. Med. Virol. 2016; 26: 161–182,[70],∂-Region C,Tested,,,17/11/2019,OJCharles,
87,UL54,D515Y,R,5.6,,,R,4.6,,,,,,,,,,,,,Rev. Med. Virol. 2016; 26: 161–182,[79],∂-Region C,Tested,,,17/11/2019,OJCharles,
88,UL54,L516R,R,2.1,R,5.1,S,0.8,,,,,,,,,,,,,Rev. Med. Virol. 2016; 26: 161–182,"[51,117]",∂-Region C,Tested,,,17/11/2019,OJCharles,
89,UL54,I521T,R,2.1,R,5.1,S,0.8,,,,,,,,,,,,,Rev. Med. Virol. 2016; 26: 161–182,"[51,70,127]",∂-Region C,Tested,,,17/11/2019,OJCharles,
90,UL54,P522A,R,3,R,4.1,S,1,,,,,,,,,,,,,Rev. Med. Virol. 2016; 26: 161–182,"[51,72,78,127]",∂-Region C,Tested,,,17/11/2019,OJCharles,
91,UL54,P522S,R,3.1,R,3.6,S,1.1,,,,,,,,,,,,,Rev. Med. Virol. 2016; 26: 161–182,"[51,56,65,72,73,80,118,123,128]",∂-Region C,Tested,,,17/11/2019,OJCharles,
92,UL54,524del,R,3.5,R,9.7,S,1.1,,,,,,,,,,,,,Rev. Med. Virol. 2016; 26: 161–182,[121],∂-Region C,Tested,,,17/11/2019,OJCharles,
93,UL54,V526L,R,5.5,R,2.5,S,1.8,,,,,,,,,,,,,Rev. Med. Virol. 2016; 26: 161–182,[98],∂-Region C,Tested,,,17/11/2019,OJCharles,
94,UL54,C539G,R,3.1,R,4.4,S,1,,,,,,,,,,,,,Rev. Med. Virol. 2016; 26: 161–182,[123],ExoIII/∂ region C,Tested,,,17/11/2019,OJCharles,
95,UL54,C539R,R,3.2,R,13.3,S,0.7,,,,,,,,,,,,,Rev. Med. Virol. 2016; 26: 161–182,"[49,119]",ExoIII/∂ region C,Tested,,,17/11/2019,OJCharles,
96,UL54,D542E,S,1.5,R,12,S,1.7,,,,,,,,,,,,,Rev. Med. Virol. 2016; 26: 161–182,[129],ExoIII/∂ region C,Tested,,,17/11/2019,OJCharles,
97,UL54,L545S,R,3.5,R,9.1,S,1.2,,,,,,,,,,,,,Rev. Med. Virol. 2016; 26: 161–182,"[47,51,118,119,130]",ExoIII/∂ region C,Tested,,,17/11/2019,OJCharles,
98,UL54,L545W,R,4.9,R,6.3,S,1.3,,,,,,,,,,,,,Rev. Med. Virol. 2016; 26: 161–182,"[49,51,122]",ExoIII/∂ region C,Tested,,,17/11/2019,OJCharles,
99,UL54,T552N,r,1.9,S,1.2,R,2.6,,,,,,,,,,,,,Rev. Med. Virol. 2016; 26: 161–182,"[49,119]",ExoIII/∂ region C,Tested,,,17/11/2019,OJCharles,
100,UL54,Q578H,R,3.3,R,2.3,R,4.5,,,,,,,,,,,,,Rev. Med. Virol. 2016; 26: 161–182,"[49,51,95,122,123,131]",ExoIII/∂ region C,Tested,,,17/11/2019,OJCharles,
101,UL54,Q578L,r,1.9,S,0.8,R,3,,,,,,,,,,,,,Rev. Med. Virol. 2016; 26: 161–182,"[94,123]",ExoIII/∂ region C,Tested,,,17/11/2019,OJCharles,
102,UL54,S585A,S,1.5,S,1.4,R,2.7,,,,,,,,,,,,,Rev. Med. Virol. 2016; 26: 161–182,"[49,119]",ExoIII/∂ region C,Tested,,,17/11/2019,OJCharles,
103,UL54,D588E,S,1.3,S,1.1,R,2.3,,,,,,,,,,,,,Rev. Med. Virol. 2016; 26: 161–182,"[51,64,118]",ExoIII/∂ region C,Tested,,,17/11/2019,OJCharles,
104,UL54,D588N,R,3.8,R,2.7,R,"3.2,9",,,,,,,,,,,,,Rev. Med. Virol. 2016; 26: 161–182,"[51,67,72,83,122]",ExoIII/∂ region C,Tested,,,17/11/2019,OJCharles,
105,UL54,F595I,S,1.3,S,1.2,R,2,,,,,,,,,,,,,Rev. Med. Virol. 2016; 26: 161–182,"[49,119]",Outside Conserved Region,Tested,,,17/11/2019,OJCharles,
106,UL54,T700A,S,0.9,S,1.5,R,4.7,,,,,,,,,,,,,Rev. Med. Virol. 2016; 26: 161–182,"[51,54,69,78,118]",Region 2 696-742,Tested,,,17/11/2019,OJCharles,
107,UL54,V715M,S,1,S,1.1,R,5.5,,,,,,,,,,,,,Rev. Med. Virol. 2016; 26: 161–182,"[51,65,69,87,92,94,118,128]",Region 2 696-743,Tested,,,17/11/2019,OJCharles,
108,UL54,I726T,R,2,r,1.7,S,1.1,,,,,,,,,,,,,Rev. Med. Virol. 2016; 26: 161–182,[125],Region 2 696-744,Tested,,,17/11/2019,OJCharles,
109,UL54,I726V,r,1.9,r,1.9,S,1.2,,,,,,,,,,,,,Rev. Med. Virol. 2016; 26: 161–182,[125],Region 2 696-745,Tested,,,17/11/2019,OJCharles,
110,UL54,E756D,S,1.2,S,0.7,R,3.4,,,,,,,,,,,,,Rev. Med. Virol. 2016; 26: 161–182,"[51,78,124]",Outside Conserved Region,Tested,,,17/11/2019,OJCharles,
111,UL54,E756K,R,2.5,R,2.2,R,>8,,,,,,,,,,,,,Rev. Med. Virol. 2016; 26: 161–182,"[67,98,124,132]",Outside Conserved Region,Tested,,,17/11/2019,OJCharles,
112,UL54,E756Q,S,1.7,S,1,R,4.3,,,,,,,,,,,,,Rev. Med. Virol. 2016; 26: 161–182,[128],Outside Conserved Region,Tested,,,17/11/2019,OJCharles,
113,UL54,L773V,R,3,R,2.5,R,4.4,,,,,,,,,,,,,Rev. Med. Virol. 2016; 26: 161–182,[123],Region Vi 771-790,Tested,,,17/11/2019,OJCharles,
114,UL54,L776M,R,2.5,S,1,R,3.5,,,,,,,,,,,,,Rev. Med. Virol. 2016; 26: 161–182,"[51,133]",Region Vi 771-790,Tested,,,17/11/2019,OJCharles,
115,UL54,V781I,R,"1,4",S,1.2,R,"4,5.2",,,,,,,,,,,,,Rev. Med. Virol. 2016; 26: 161–182,"[64,67,80,118,123,128]",Region Vi 771-790,Tested,,,17/11/2019,OJCharles,
116,UL54,V787A,R,2.5,,,R,3.5,,,,,,,,,,,,,Rev. Med. Virol. 2016; 26: 161–182,[92],Region Vi 771-790,Tested,,,17/11/2019,OJCharles,
117,UL54,V787L,R,2.4,S,1,R,4.1,,,,,,,,,,,,,Rev. Med. Virol. 2016; 26: 161–182,"[80,119,128]",Region Vi 771-790,Tested,,,17/11/2019,OJCharles,
118,UL54,L802M,R,"1,3.5",S,"0.9,1.8",R,"3.2,11",,,,,,,,,,,,,Rev. Med. Virol. 2016; 26: 161–182,"[64,67,70,72,79,83,89,118,119]",,Tested,,,17/11/2019,OJCharles,
119,UL54,L802V,r,1.8,S,1.1,S,0.9,,,,,,,,,,,,,Rev. Med. Virol. 2016; 26: 161–182,"[49,119]",,Tested,,,17/11/2019,OJCharles,
120,UL54,K805Q,S,1,R,2.2,S,0.18,,,,,,,,,,,,,Rev. Med. Virol. 2016; 26: 161–182,"[64,118,134]",,Tested,,,17/11/2019,OJCharles,
121,UL54,A809V,R,2.6,S,1.7,R,6.3,,,,,,,,,,,,,Rev. Med. Virol. 2016; 26: 161–182,"[65,90,123]",,Tested,,,17/11/2019,OJCharles,
122,UL54,V812L,R,2.5,R,3.2,R,2.9,,,,,,,,,,,,,Rev. Med. Virol. 2016; 26: 161–182,"[83,119,126]",,Tested,,,17/11/2019,OJCharles,
123,UL54,T813S,R,2.5,R,2.7,R,4.9,,,,,,,,,,,,,Rev. Med. Virol. 2016; 26: 161–182,[90],,Tested,,,17/11/2019,OJCharles,
124,UL54,T821I,R,4.5,r,1.9,R,21,,,,,,,,,,,,,Rev. Med. Virol. 2016; 26: 161–182,"[64,118,134]",,Tested,,,17/11/2019,OJCharles,
125,UL54,P829S,R,2,S,1.6,S,1.1,,,,,,,,,,,,,Rev. Med. Virol. 2016; 26: 161–182,"[49,119]",,Tested,,,17/11/2019,OJCharles,
126,UL54,A834P,R,5.4,R,3,R,6.4,,,,,,,,,,,,,Rev. Med. Virol. 2016; 26: 161–182,"[72,74,79,94,95,120]",,Tested,,,17/11/2019,OJCharles,
127,UL54,T838A,S,1.8,S,0.8,R,2.4,,,,,,,,,,,,,Rev. Med. Virol. 2016; 26: 161–182,[83],,Tested,,,17/11/2019,OJCharles,
128,UL54,G841A,R,3.2,R,2.6,R,4.3,,,,,,,,,,,,,Rev. Med. Virol. 2016; 26: 161–182,"[72,78,90]",,Tested,,,17/11/2019,OJCharles,
129,UL54,G841S,R,2.2,S,1.1,R,2.1,,,,,,,,,,,,,Rev. Med. Virol. 2016; 26: 161–182,[125],,Tested,,,17/11/2019,OJCharles,
130,UL54,M844T,S,1.4,S,1.3,R,2.5,,,,,,,,,,,,,Rev. Med. Virol. 2016; 26: 161–182,[135],,Tested,,,17/11/2019,OJCharles,
131,UL54,M844V,R,2.5,r,1.6,R,2.2,,,,,,,,,,,,,Rev. Med. Virol. 2016; 26: 161–182,[135],,Tested,,,17/11/2019,OJCharles,
132,UL54,L862F,r,1.7,S,0.9,S,1.1,,,,,,,,,,,,,Rev. Med. Virol. 2016; 26: 161–182,"[49,119]",,Tested,,,17/11/2019,OJCharles,
133,UL54,V946L,S,1.1,S,0.9,R,2.4,,,,,,,,,,,,,Rev. Med. Virol. 2016; 26: 161–182,"[49,119]",,Tested,,,17/11/2019,OJCharles,
134,UL54,L957F,R,2.7,S,1.4,S,1.3,,,,,,,,,,,,,Rev. Med. Virol. 2016; 26: 161–182,"[49,119]",,Tested,,,17/11/2019,OJCharles,
135,UL54,del981-2,R,8.3,R,2.8,R,3.6,,,,,,,,,,,,,Rev. Med. Virol. 2016; 26: 161–182,"[76,97,117,123]",,Tested,,,17/11/2019,OJCharles,
136,UL54,A987G,R,5.3,R,11.3,S,1.2,,,,,,,,,,,,,Rev. Med. Virol. 2016; 26: 161–182,"[65,72,74,79,80,118]",,Tested,,,17/11/2019,OJCharles,
137,UL89,D344E,,,,,,,,,,1.8,,1.7,,9.4,,,,,"https://doi.org/10
.1128/AAC.01325-17",,,Tested,,,17/11/2019,OJCharles,
138,UL89,C347S,,,,,,,,,,0.6,,0.3,,27,,,,,"https://doi.org/10
.1128/AAC.01325-17",,,Tested,,,17/11/2019,OJCharles,
139,UL89,R351H,,,,,,,,,,0.7,,0.4,,8.5,,,,,"https://doi.org/10
.1128/AAC.01325-17",,,Tested,,,17/11/2019,OJCharles,
140,UL56,E769D,,,,,,,,,,1,,0.8,,0.7,,,,,"https://doi.org/10
.1128/AAC.01325-17",,,Tested,,,17/11/2019,OJCharles,
141,UL56,Q204R,,,,,,,,,,1.5,,2.7,,4.2,,,,,"https://doi.org/10
.1128/AAC.01325-17",,,Tested,,,17/11/2019,OJCharles,
142,UL56,Q204R,,,,,,,,,,2.5,,5.8,,21,,,,,"https://doi.org/10
.1128/AAC.01325-17",,,Tested,UL89,D344E,17/11/2019,OJCharles,
143,UL56,N232Y,,,,,,,,,,17,,2.7,,0.8,,,,,"https://doi.org/10
.1128/AAC.01325-17",,,Tested,,,17/11/2019,OJCharles,
144,UL56,K258E,,,,,,,,,,14,,0.3,,0.7,,,,,"https://doi.org/10
.1128/AAC.01325-17",,,Tested,,,17/11/2019,OJCharles,
145,UL56,F261L,,,,,,,,,,2.5,,1,,0.7,,,,,"https://doi.org/10
.1128/AAC.01325-17",,,Tested,,,17/11/2019,OJCharles,
146,UL56,F261L,,,,,,,,,,4.8,,2.1,,10,,,,,"https://doi.org/10
.1128/AAC.01325-17",,,Tested,UL89,D344E,17/11/2019,OJCharles,
147,UL56,M329T,,,,,,,,,,4.5,,1.1,,0.8,,,,,"https://doi.org/10
.1128/AAC.01325-17",,,Tested,,,17/11/2019,OJCharles,
148,UL56,M329T,,,,,,,,,,8,,2.2,,10,,,,,"https://doi.org/10
.1128/AAC.01325-17",,,Tested,UL89,D344E,17/11/2019,OJCharles,
149,UL56,E237D,,,,,,,,,,16,,0.3,,0.5,,,,,"https://doi.org/10
.1128/AAC.01325-17",,,Tested,,,17/11/2019,OJCharles,
150,UL56,E237D,,,,,,,,,,34,,0.6,,7.4,,,,,"https://doi.org/10
.1128/AAC.01325-17",,,Tested,UL89,D344E,17/11/2019,OJCharles,
151,UL89,N320H,,,,,,,,,,1.8,,6.5,,4.2,,,,,"https://doi.org/10
.1128/AAC.01325-17",,,Tested,,,17/11/2019,OJCharles,
152,UL89,M359I,,,,,,,,,,1.5,,7.4,,0.5,,,,,"https://doi.org/10
.1128/AAC.01325-17",,,Tested,,,17/11/2019,OJCharles,
153,UL89,I334V,,,,,,,,,,1.1,,0.9,,0.9,,,,,"https://doi.org/10
.1128/AAC.01325-17",,,Tested,,,17/11/2019,OJCharles,
154,UL89,N329S,,,,,,,,,,2,,15,,0.7,,,,,"https://doi.org/10
.1128/AAC.01325-17",,,Tested,,,17/11/2019,OJCharles,
155,UL89,T350M,,,,,,,,,,2.8,,8.7,,5.1,,,,,"https://doi.org/10
.1128/AAC.01325-17",,,Tested,,,17/11/2019,OJCharles,
156,UL89,V362M,,,,,,,,,,1.2,,98,,0.6,,,,,"https://doi.org/10
.1128/AAC.01325-17",,,Tested,,,17/11/2019,OJCharles,
157,UL89,H389N,,,,,,,,,,1.1,,29,,0.9,,,,,"https://doi.org/10
.1128/AAC.01325-17",,,Tested,,,17/11/2019,OJCharles,
158,UL89,N405D,,,,,,,,,,1,,15,,0.7,,,,,"https://doi.org/10
.1128/AAC.01325-17",,,Tested,,,17/11/2019,OJCharles,
159,UL89,I334V,,,,,,,,,,1.2,,12,,0.6,,,,,"https://doi.org/10
.1128/AAC.01325-17",,,Tested,UL89,N405D,17/11/2019,OJCharles,
160,UL56,L208M,,,,,,,,,,0.8,,3.4,,0.7,,,,,"https://doi.org/10
.1128/AAC.01325-17",,,Tested,,,17/11/2019,OJCharles,
161,UL56,E407D,,,,,,,,,,1.3,,6,,0.9,,,,,"https://doi.org/10
.1128/AAC.01325-17",,,Tested,,,17/11/2019,OJCharles,
162,UL56,H637Q,,,,,,,,,,0.9,,2,,0.9,,,,,"https://doi.org/10
.1128/AAC.01325-17",,,Tested,,,17/11/2019,OJCharles,
163,UL56,V639M,,,,,,,,,,1,,10,,0.9,,,,,"https://doi.org/10
.1128/AAC.01325-17",,,Tested,,,17/11/2019,OJCharles,
164,UL56,H637Q,,,,,,,,,,1.2,,17,,0.8,,,,,"https://doi.org/10
.1128/AAC.01325-17",,,Tested,UL56,V639M,17/11/2019,OJCharles,
165,UL56,L764M,,,,,,,,,,1.1,,0.4,,1,,,,,"https://doi.org/10
.1128/AAC.01325-17",,,Tested,,,17/11/2019,OJCharles,
166,UL56,C25F,,,,,,,,,,5.4,,,,,,,,,Antiviral Research 163 (2019) 91–105,Chou et al. (2018b),,Tested,,,17/11/2019,OJCharles,
167,UL56,S229F,,,,,,,,,,1.8,,,,,,,,,Antiviral Research 163 (2019) 91–106,Chou (2017b),,Tested,,,17/11/2019,OJCharles,
168,UL56,V231A,,,,,,,,,,2.1,,,,,,,,,Antiviral Research 163 (2019) 91–107,Chou (2015),,Tested,,,17/11/2019,OJCharles,
169,UL56,V231L,,,,,,,,,,"5,28",,,,,,,,,Antiviral Research 163 (2019) 91–108,Chou (2015),,Tested,,,17/11/2019,OJCharles,
170,UL56,N232Y,,,,,,,,,,17,,,,,,,,,Antiviral Research 163 (2019) 91–109,Chou (2017a),,Tested,,,17/11/2019,OJCharles,
171,UL56,V236A,,,,,,,,,,2.9,,,,,,,,,Antiviral Research 163 (2019) 91–110,Chou et al. (2018b),,Tested,,,17/11/2019,OJCharles,
172,UL56,V236L,,,,,,,,,,14,,,,,,,,,Antiviral Research 163 (2019) 91–111,Chou (2015),,Tested,,,17/11/2019,OJCharles,
173,UL56,V236M,,,,,,,,,,"19,49",,,,,,,,,Antiviral Research 163 (2019) 91–112,"Chou, 2017b; Chou et al., 2018b; Goldner et al.,2014; Lischka et al., 2016; Piret et al., 2017)",,Tested,,,17/11/2019,OJCharles,
174,UL56,E237D,,,,,,,,,,"10,16",,,,,,,,,Antiviral Research 163 (2019) 91–113,"(Chou, 2015, 2017a)",,Tested,,,17/11/2019,OJCharles,
175,UL56,L241P,,,,,,,,,,"96,266",,,,,,,,,Antiviral Research 163 (2019) 91–114,"(Chou, 2015)",,Tested,,,17/11/2019,OJCharles,
176,UL56,T244K,,,,,,,,,,3.3,,,,,,,,,Antiviral Research 163 (2019) 91–115,Chou (2015),,Tested,,,17/11/2019,OJCharles,
177,UL56,L254F,,,,,,,,,,3.2,,,,,,,,,Antiviral Research 163 (2019) 91–116,Chou (2017b),,Tested,,,17/11/2019,OJCharles,
178,UL56,L257F,,,,,,,,,,"8.6,14",,,,,,,,,Antiviral Research 163 (2019) 91–117,,,Tested,,,17/11/2019,OJCharles,
179,UL56,L257I,,,,,,,,,,4.9,,,,,,,,,Antiviral Research 163 (2019) 91–118,,,Tested,,,17/11/2019,OJCharles,
180,UL56,K258E,,,,,,,,,,14,,,,,,,,,Antiviral Research 163 (2019) 91–119,,,Tested,,,17/11/2019,OJCharles,
181,UL56,F261C,,,,,,,,,,4.4,,,,,,,,,Antiviral Research 163 (2019) 91–120,,,Tested,,,17/11/2019,OJCharles,
182,UL56,F261L,,,,,,,,,,2.8,,,,,,,,,Antiviral Research 163 (2019) 91–121,,,Tested,,,17/11/2019,OJCharles,
183,UL56,Y321C,,,,,,,,,,4.6,,,,,,,,,Antiviral Research 163 (2019) 91–122,,,Tested,,,17/11/2019,OJCharles,
184,UL56,C325F,,,,,,,,,,3000,,,,,,,,,Antiviral Research 163 (2019) 91–123,"(Chou, 2015)",,Tested,,,17/11/2019,OJCharles,
185,UL56,C325R,,,,,,,,,,3000,,,,,,,,,Antiviral Research 163 (2019) 91–124,"(Chou, 2015)",,Tested,,,17/11/2019,OJCharles,
186,UL56,C325Y,,,,,,,,,,"5,500",,,,,,,,,Antiviral Research 163 (2019) 91–125,"(Chou, 2015)",,Tested,,,17/11/2019,OJCharles,
187,UL56,C325W,,,,,,,,,,9000,,,,,,,,,Antiviral Research 163 (2019) 91–126,"(Chou, 2018b)",,Tested,,,17/11/2019,OJCharles,
188,UL56,L328V,,,,,,,,,,1.9,,,,,,,,,Antiviral Research 163 (2019) 91–127,,,Tested,,,17/11/2019,OJCharles,
189,UL56,M329T,,,,,,,,,,4.5,,,,,,,,,Antiviral Research 163 (2019) 91–128,,,Tested,,,17/11/2019,OJCharles,
190,UL56,A365S,,,,,,,,,,2,,,,,,,,,Antiviral Research 163 (2019) 91–129,,,Tested,,,17/11/2019,OJCharles,
191,UL56,N368D,,,,,,,,,,2,,,,,,,,,Antiviral Research 163 (2019) 91–130,,,Tested,,,17/11/2019,OJCharles,
192,UL56,R369G,,,,,,,,,,44,,,,,,,,,Antiviral Research 163 (2019) 91–131,Goldner et al. (2014),,Tested,,,17/11/2019,OJCharles,
193,UL56,R369M,,,,,,,,,,"13,23",,,,,,,,,Antiviral Research 163 (2019) 91–132,,,Tested,,,17/11/2019,OJCharles,
194,UL56,R369S,,,,,,,,,,"38,81",,,,,,,,,Antiviral Research 163 (2019) 91–133,,,Tested,,,17/11/2019,OJCharles,
195,UL56,C25F,,,,,,,,,,46,,,,,,,,,Antiviral Research 163 (2019) 91–134,,,Tested,UL56,V231L,17/11/2019,OJCharles,
196,UL56,T244K,,,,,,,,,,8.2,,,,,,,,,Antiviral Research 163 (2019) 91–135,,,Tested,UL56,F261L,17/11/2019,OJCharles,
197,UL56,E237D,,,,,,,,,,104,,,,,,,,,Antiviral Research 163 (2019) 91–136,"(Chou, 2015)",,Tested,UL56,"T244K, F261L",17/11/2019,OJCharles,
198,UL56,V236L,,,,,,,,,,260,,,,,,,,,Antiviral Research 163 (2019) 91–137,"(Chou, 2015)",,Tested,UL56,L257I,17/11/2019,OJCharles,
199,UL56,V236M,,,,,,,,,,3000,,,,,,,,,Antiviral Research 163 (2019) 91–138,"(Chou, 2015)",,Tested,UL56,"L257I, M329T",17/11/2019,OJCharles,
200,UL56,S229F,,,,,,,,,,54,,,,,,,,,Antiviral Research 163 (2019) 91–139,Chou (2017b),,Tested,UL56,"L254F, L257I",17/11/2019,OJCharles,
201,UL89,N320H,,,,,,,,,,1.8,,,,,,,,,Antiviral Research 163 (2019) 91–135,Chou (2017a),,Tested,,,17/11/2019,OJCharles,
202,UL89,N329S,,,,,,,,,,2,,,,,,,,,Antiviral Research 163 (2019) 91–136,Chou (2017a),,Tested,,,17/11/2019,OJCharles,
203,UL89,D344E,,,,,,,,,,1.7,,,,,,,,,Antiviral Research 163 (2019) 91–137,Chou (2017a),,Tested,,,17/11/2019,OJCharles,
204,UL89,T350M,,,,,,,,,,2.8,,,,,,,,,Antiviral Research 163 (2019) 91–135,Chou (2017a),,Tested,,,17/11/2019,OJCharles,
205,UL56,E237D,,,,,,,,,,34,,,,,,,,,Antiviral Research 163 (2019) 91–137,Chou (2017b),,Tested,UL89,D344E,17/11/2019,OJCharles,
206,UL56,F261L,,,,,,,,,,4.8,,,,,,,,,Antiviral Research 163 (2019) 91–138,Chou (2017b),,Tested,UL89,D344E,17/11/2019,OJCharles,
207,UL56,M329T,,,,,,,,,,8,,,,,,,,,Antiviral Research 163 (2019) 91–139,Chou (2017b),,Tested,UL89,D344E,17/11/2019,OJCharles,
208,UL56,Q204R,,,,,,,,,,2.5,,,,,,,,,Antiviral Research 163 (2019) 91–136,Chou (2017b),,Tested,UL89,D344E,17/11/2019,OJCharles,
209,UL51,P91S,,,,,,,,,,2.1,,,,,,,,,Antiviral Research 163 (2019) 91–136,,,Tested,,,17/11/2019,OJCharles,
210,UL51,P91S,,,,,,,,,,6.3,,,,,,,,,Antiviral Research 163 (2019) 91–136,,,Tested,UL56,S229F,17/11/2019,OJCharles,
211,UL51,P91S,,,,,,,,,,28,,,,,,,,,Antiviral Research 163 (2019) 91–136,,,Tested,UL56,V236M,17/11/2019,OJCharles,
212,UL51,P91S,,,,,,,,,,126,,,,,,,,,Antiviral Research 163 (2019) 91–136,,,Tested,UL56,R369M,17/11/2019,OJCharles,
213,UL51,P91S,,,,,,,,,,290,,,,,,,,,Antiviral Research 163 (2019) 91–136,,,Tested,UL56,"S229F, L254F, L257I",17/11/2019,OJCharles,
214,UL51,P91S,,,,,,,,,,4,,,,,,,,,Antiviral Research 163 (2019) 91–136,,,Tested,UL89,D344E,17/11/2019,OJCharles,
215,UL97,L337M,,,,,,,,,,,,,,,,3.4,,,Antiviral Research 163 (2019) 91–136,,,Tested,,,17/11/2019,OJCharles,
216,UL97,F342S,,,,,,,,,,,,,,,,18,,,Antiviral Research 163 (2019) 91–136,,,Tested,,,17/11/2019,OJCharles,
217,UL97,V353A,,,,,,,,,,,,,,,,"10,16",,,Antiviral Research 163 (2019) 91–136,,,Tested,,,17/11/2019,OJCharles,
218,UL97,K355del,,,,,,,,,,,,,,,,304,,,Antiviral Research 163 (2019) 91–136,,,Tested,,,17/11/2019,OJCharles,
219,UL97,V356G,,,,,,,,,,,,,,,,108,,,Antiviral Research 163 (2019) 91–136,,,Tested,,,17/11/2019,OJCharles,
220,UL97,L397R,,,,,,,,,,,,,,,,>200,,,Antiviral Research 163 (2019) 91–136,,,Tested,,,17/11/2019,OJCharles,
221,UL97,T409M,,,,,,,,,,,,,,,,81,,,Antiviral Research 163 (2019) 91–136,,,Tested,,,17/11/2019,OJCharles,
222,UL97,H411L,,,,,,,,,,,,,,,,69,,,Antiviral Research 163 (2019) 91–136,,,Tested,,,17/11/2019,OJCharles,
223,UL97,H411N,,,,,,,,,,,,,,,,9,,,Antiviral Research 163 (2019) 91–136,,,Tested,,,17/11/2019,OJCharles,
224,UL97,H411Y,,,,,,,,,,,,,,,,12,,,Antiviral Research 163 (2019) 91–136,,,Tested,,,17/11/2019,OJCharles,
225,UL97,D456N,,,,,,,,,,,,,,,,278,,,Antiviral Research 163 (2019) 91–136,,,Tested,,,17/11/2019,OJCharles,
226,UL97,V466G,,,,,,,,,,,,,,,,321,,,Antiviral Research 163 (2019) 91–136,,,Tested,,,17/11/2019,OJCharles,
227,UL97,C480R,,,,,,,,,,,,,,,,243,,,Antiviral Research 163 (2019) 91–136,,,Tested,,,17/11/2019,OJCharles,
228,UL97,P521L,,,,,,,,,,,,,,,,445,,,Antiviral Research 163 (2019) 91–136,,,Tested,,,17/11/2019,OJCharles,
229,UL97,Y617del,,,,,,,,,,,,,,,,372,,,Antiviral Research 163 (2019) 91–136,,,Tested,,,17/11/2019,OJCharles,
230,UL97,V353A,,,,,,,,,,,,,,,,227,,,Antiviral Research 163 (2019) 91–136,,,Tested,UL97,H411L,17/11/2019,OJCharles,
231,UL97,V353A,,,,,,,,,,,,,,,,164,,,Antiviral Research 163 (2019) 91–136,,,Tested,UL97,H411Y,17/11/2019,OJCharles,
232,UL27,E22*,,,,,,,,,,,,,,,,2,,,Antiviral Research 163 (2019) 91–136,,,Tested,,,17/11/2019,OJCharles,
233,UL27,W153R,,,,,,,,,,,,,,,,1.7,,,Antiviral Research 163 (2019) 91–136,,,Tested,,,17/11/2019,OJCharles,
234,UL27,L193F,,,,,,,,,,,,,,,,2.6,,,Antiviral Research 163 (2019) 91–136,,,Tested,,,17/11/2019,OJCharles,
235,UL27,C218del,,,,,,,,,,,,,,,,2.5,,,Antiviral Research 163 (2019) 91–136,,,Tested,,,17/11/2019,OJCharles,
236,UL27,R233S,,,,,,,,,,,,,,,,"1.8,4.8",,,Antiviral Research 163 (2019) 91–136,,,Tested,,,17/11/2019,OJCharles,
237,UL27,A269T,,,,,,,,,,,,,,,,2,,,Antiviral Research 163 (2019) 91–136,,,Tested,,,17/11/2019,OJCharles,
238,UL27,del301-311,,,,,,,,,,,,,,,,3.1,,,Antiviral Research 163 (2019) 91–136,,,Tested,,,17/11/2019,OJCharles,
239,UL27,L335P,,,,,,,,,,,,,,,,23,,,Antiviral Research 163 (2019) 91–136,,,Tested,,,17/11/2019,OJCharles,
240,UL27,V353E,,,,,,,,,,,,,,,,2.1,,,Antiviral Research 163 (2019) 91–136,,,Tested,,,17/11/2019,OJCharles,
241,UL27,W362R,,,,,,,,,,,,,,,,1.9,,,Antiviral Research 163 (2019) 91–136,,,Tested,,,17/11/2019,OJCharles,
242,UL27,W362*,,,,,,,,,,,,,,,,2.2,,,Antiviral Research 163 (2019) 91–136,,,Tested,,,17/11/2019,OJCharles,
243,UL27,L426F,,,,,,,,,,,,,,,,2.2,,,Antiviral Research 163 (2019) 91–136,,,Tested,,,17/11/2019,OJCharles,
244,UL27,A406V,,,,,,,,,,,,,,,,3.5,,,Antiviral Research 163 (2019) 91–136,,,Tested,UL27,C415*,17/11/2019,OJCharles,
245,UL27,R233S,,,,,,,,,,,,,,,,7.2,,,Antiviral Research 163 (2019) 91–136,,,Tested,UL97,S337M,17/11/2019,OJCharles,
246,UL27,R233S,,,,,,,,,,,,,,,,27,,,Antiviral Research 163 (2019) 91–136,,,Tested,UL97,S337M,17/11/2019,OJCharles,
247,UL54,G841G,R,,,,,R,,,,,,,,,R,,,,https://doi.org/10.1016/j.antiviral.2019.104647,,,Hyp,,,19/11/2019,OJCharles,
248,UL54,K513N,R,,,,,R,,,,,,,,,R,,,,https://doi.org/10.1016/j.antiviral.2019.104647,,,Hyp,,,19/11/2019,OJCharles,
249,UL97,H411H,R,,,,,R,,,,,,,,,R,,,,https://doi.org/10.1016/j.antiviral.2019.104647,,,Hyp,,,19/11/2019,OJCharles,
250,UL97,C670Y,R,,,,,,,,,,,,,,,,,,https://www.tandfonline.com/doi/full/10.1080/09273948.2019.1645188,,,Hyp,,,19/11/2019,OJCharles,
251,UL97,F342Y,,6,,,,,,,,,,,,,,4.5,,,https://www.sciencedirect.com/science/article/pii/S0166354219304115?via%3Dihub,,,Tested,,,21/11/2019,OJCharles,
252,UL97,T409M,,,,,,,,,,,,,,,,90,,,https://www.sciencedirect.com/science/article/pii/S0166354219304115?via%3Dihub,,,Tested,,,21/11/2019,OJCharles,
253,UL97,K359E,,3.8,,,,,,,,,,,,,,1.2,,,https://www.sciencedirect.com/science/article/pii/S0166354219304115?via%3Dihub,,,Tested,,,21/11/2019,OJCharles,
254,UL97,K359Q,,3.7,,,,,,,,,,,,,,1.3,,,https://www.sciencedirect.com/science/article/pii/S0166354219304115?via%3Dihub,,,Tested,,,21/11/2019,OJCharles,
255,UL97,F342Y,,5.9,,,,,,,,,,,,,,56,,,https://www.sciencedirect.com/science/article/pii/S0166354219304115?via%3Dihub,,,Tested,UL97,H411Y,21/11/2019,OJCharles,
256,UL54,A692S,R,,,,,,,,,,,,,,,,,,https://www.sciencedirect.com/science/article/pii/S1386653219301969?via%3Dihub,"The Third International Consensus Guidelines on the Management of
Cytomegalovirus in Solid-organ Transplantation",,Tested,,,21/11/2019,OJCharles,
257,UL54,S290R,R,,,,R,,,,,,,,,,,,,,https://www.sciencedirect.com/science/article/pii/S1386653219301969?via%3Dihub,"The Third International Consensus Guidelines on the Management of
Cytomegalovirus in Solid-organ Transplantation",,Tested,,,21/11/2019,OJCharles,
258,UL54,E303D,R,,R,,,,,,,,,,,,,,,,https://www.sciencedirect.com/science/article/pii/S1386653219301969?via%3Dihub,"The Third International Consensus Guidelines on the Management of
Cytomegalovirus in Solid-organ Transplantation",,Tested,,,21/11/2019,OJCharles,
259,UL54,E303G,R,,R,,,,,,,,,,,,,,,,https://www.sciencedirect.com/science/article/pii/S1386653219301969?via%3Dihub,"The Third International Consensus Guidelines on the Management of
Cytomegalovirus in Solid-organ Transplantation",,Tested,,,21/11/2019,OJCharles,
260,UL54,D413Y,R,,R,,,,,,,,,,,,,,,,https://www.sciencedirect.com/science/article/pii/S1386653219301969?via%3Dihub,"The Third International Consensus Guidelines on the Management of
Cytomegalovirus in Solid-organ Transplantation",,Tested,,,21/11/2019,OJCharles,
261,UL54,K488R,R,,R,,,,,,,,,,,,,,,,https://www.sciencedirect.com/science/article/pii/S1386653219301969?via%3Dihub,"The Third International Consensus Guidelines on the Management of
Cytomegalovirus in Solid-organ Transplantation",,Tested,,,21/11/2019,OJCharles,
262,UL54,E951D,R,,,,,R,,,,,,,,,,,,,https://www.sciencedirect.com/science/article/pii/S1386653219301969?via%3Dihub,"The Third International Consensus Guidelines on the Management of
Cytomegalovirus in Solid-organ Transplantation",,Tested,,,21/11/2019,OJCharles,
263,UL54,L516W,R,,R,,,,,,,,,,,,,,,,https://www.sciencedirect.com/science/article/pii/S1386653219301969?via%3Dihub,"The Third International Consensus Guidelines on the Management of
Cytomegalovirus in Solid-organ Transplantation",,Clin,,,21/11/2019,OJCharles,
264,UL54,V715A,,,,,R,,,,,,,,,,,,,,https://www.sciencedirect.com/science/article/pii/S1386653219301969?via%3Dihub,"The Third International Consensus Guidelines on the Management of
Cytomegalovirus in Solid-organ Transplantation",,Clin,,,21/11/2019,OJCharles,
265,UL97,A674T,r,<2,,,,,,,,,,,,,,,,,https://www.sciencedirect.com/science/article/pii/S1386653219301969?via%3Dihub,"The Third International Consensus Guidelines on the Management of
Cytomegalovirus in Solid-organ Transplantation",,Tested,,,21/11/2019,OJCharles,
266,UL97,L634Q,r,<2,,,,,,,,,,,,,,,,,https://www.sciencedirect.com/science/article/pii/S1386653219301969?via%3Dihub,"The Third International Consensus Guidelines on the Management of
Cytomegalovirus in Solid-organ Transplantation",,Tested,,,21/11/2019,OJCharles,
267,UL97,Y617H,r,<2,,,,,,,,,,,,,,,,,https://www.sciencedirect.com/science/article/pii/S1386653219301969?via%3Dihub,"The Third International Consensus Guidelines on the Management of
Cytomegalovirus in Solid-organ Transplantation",,Tested,,,21/11/2019,OJCharles,
268,UL97,M615V,r,<2,,,,,,,,,,,,,,,,,https://www.sciencedirect.com/science/article/pii/S1386653219301969?via%3Dihub,"The Third International Consensus Guidelines on the Management of
Cytomegalovirus in Solid-organ Transplantation",,Tested,,,21/11/2019,OJCharles,
269,UL97,D605E,r,<2,,,,,,,,,,,,,,,,,https://www.sciencedirect.com/science/article/pii/S1386653219301969?via%3Dihub,"The Third International Consensus Guidelines on the Management of
Cytomegalovirus in Solid-organ Transplantation",,Tested,,,21/11/2019,OJCharles,
270,UL97,T601M,r,<2,,,,,,,,,,,,,,,,,https://www.sciencedirect.com/science/article/pii/S1386653219301969?via%3Dihub,"The Third International Consensus Guidelines on the Management of
Cytomegalovirus in Solid-organ Transplantation",,Tested,,,21/11/2019,OJCharles,
271,UL97,L600I,r,<2,,,,,,,,,,,,,,,,,https://www.sciencedirect.com/science/article/pii/S1386653219301969?via%3Dihub,"The Third International Consensus Guidelines on the Management of
Cytomegalovirus in Solid-organ Transplantation",,Tested,,,21/11/2019,OJCharles,
272,UL97,K599E,r,<2,,,,,,,,,,,,,,,,,https://www.sciencedirect.com/science/article/pii/S1386653219301969?via%3Dihub,"The Third International Consensus Guidelines on the Management of
Cytomegalovirus in Solid-organ Transplantation",,Tested,,,21/11/2019,OJCharles,
273,UL97,K599R,r,<2,,,,,,,,,,,,,,,,,https://www.sciencedirect.com/science/article/pii/S1386653219301969?via%3Dihub,"The Third International Consensus Guidelines on the Management of
Cytomegalovirus in Solid-organ Transplantation",,Tested,,,21/11/2019,OJCharles,
274,UL97,K957D,r,<2,,,,,,,,,,,,,,,,,https://www.sciencedirect.com/science/article/pii/S1386653219301969?via%3Dihub,"The Third International Consensus Guidelines on the Management of
Cytomegalovirus in Solid-organ Transplantation",,Tested,,,21/11/2019,OJCharles,
275,UL97,E596D,r,<2,,,,,,,,,,,,,,,,,https://www.sciencedirect.com/science/article/pii/S1386653219301969?via%3Dihub,"The Third International Consensus Guidelines on the Management of
Cytomegalovirus in Solid-organ Transplantation",,Tested,,,21/11/2019,OJCharles,
276,UL97,A591V,R,"2,5",,,,,,,,,,,,,,,,,https://www.sciencedirect.com/science/article/pii/S1386653219301969?via%3Dihub,"The Third International Consensus Guidelines on the Management of
Cytomegalovirus in Solid-organ Transplantation",,Tested,,,21/11/2019,OJCharles,
277,UL97,596del,R,"2,5",,,,,,,,,,,,,,,,,https://www.sciencedirect.com/science/article/pii/S1386653219301969?via%3Dihub,"The Third International Consensus Guidelines on the Management of
Cytomegalovirus in Solid-organ Transplantation",,Tested,,,21/11/2019,OJCharles,
278,UL97,C603S,R,"2,5",,,,,,,,,,,,,,,,,https://www.sciencedirect.com/science/article/pii/S1386653219301969?via%3Dihub,"The Third International Consensus Guidelines on the Management of
Cytomegalovirus in Solid-organ Transplantation",,Tested,,,21/11/2019,OJCharles,
279,UL97,596del,R,"2,5",,,,,,,,,,,,,,,,,https://www.sciencedirect.com/science/article/pii/S1386653219301969?via%3Dihub,"The Third International Consensus Guidelines on the Management of
Cytomegalovirus in Solid-organ Transplantation",,Tested,,,21/11/2019,OJCharles,
280,UL97,600del-2,R,"2,5",,,,,,,,,,,,,,,,,https://www.sciencedirect.com/science/article/pii/S1386653219301969?via%3Dihub,"The Third International Consensus Guidelines on the Management of
Cytomegalovirus in Solid-organ Transplantation",,Tested,,,21/11/2019,OJCharles,
281,UL97,C607F,R,"2,5",,,,,,,,,,,,,,,,,https://www.sciencedirect.com/science/article/pii/S1386653219301969?via%3Dihub,"The Third International Consensus Guidelines on the Management of
Cytomegalovirus in Solid-organ Transplantation",,Tested,,,21/11/2019,OJCharles,
282,UL97,K355M,R,"5,15",,,,,,,,,,,,,,,,,https://www.sciencedirect.com/science/article/pii/S1386653219301969?via%3Dihub,"The Third International Consensus Guidelines on the Management of
Cytomegalovirus in Solid-organ Transplantation",,Tested,,,21/11/2019,OJCharles,
283,UL97,V466G,R,"5,15",,,,,,,,,,,,,,,,,https://www.sciencedirect.com/science/article/pii/S1386653219301969?via%3Dihub,"The Third International Consensus Guidelines on the Management of
Cytomegalovirus in Solid-organ Transplantation",,Tested,,,21/11/2019,OJCharles,
284,UL56,E237G,,,,,,,,,R,,,,,,,,,,https://doi.org/10.1080/14656566.2019.1637418,,,Clin,,,21/11/2019,OJCharles,
285,Ul56,M31I,,,,,,,,,R,,,,,,,,,,https://doi.org/10.1016/j.antiviral.2019.104549,,,Clin,,,21/11/2019,OJCharles,
286,Ul56,M31V,,,,,,,,,R,,,,,,,,,,https://doi.org/10.1016/j.antiviral.2019.104549,,,Clin,,,21/11/2019,OJCharles,
287,Ul56,F41L,,,,,,,,,R,,,,,,,,,,https://doi.org/10.1016/j.antiviral.2019.104549,,,Clin,,,21/11/2019,OJCharles,
288,Ul56,L26P,,,,,,,,,R,,,,,,,,,,https://doi.org/10.1016/j.antiviral.2019.104549,,,Clin,,,21/11/2019,OJCharles,
289,Ul56,I48M,,,,,,,,,R,,,,,,,,,,https://doi.org/10.1016/j.antiviral.2019.104549,,,Clin,,,21/11/2019,OJCharles,
290,Ul56,A103V,,,,,,,,,R,,,,,,,,,,https://doi.org/10.1016/j.antiviral.2019.104549,,,Clin,,,21/11/2019,OJCharles,
291,Ul56,E141*,,,,,,,,,R,,,,,,,,,,https://doi.org/10.1016/j.antiviral.2019.104549,,,Clin,,,21/11/2019,OJCharles,
292,Ul56,N148D,,,,,,,,,R,,,,,,,,,,https://doi.org/10.1016/j.antiviral.2019.104549,,,Clin,,,21/11/2019,OJCharles,
293,Ul56,E157G,,,,,,,,,R,,,,,,,,,,https://doi.org/10.1016/j.antiviral.2019.104549,,,Clin,,,21/11/2019,OJCharles,
294,Ul56,Q182K,,,,,,,,,R,,,,,,,,,,https://doi.org/10.1016/j.antiviral.2019.104549,,,Clin,,,21/11/2019,OJCharles,
295,Ul56,Q213R,,,,,,,,,R,,,,,,,,,,https://doi.org/10.1016/j.antiviral.2019.104549,,,Clin,,,21/11/2019,OJCharles,
296,Ul56,S255L,,,,,,,,,R,,,,,,,,,,https://doi.org/10.1016/j.antiviral.2019.104549,,,Clin,,,21/11/2019,OJCharles,
297,Ul56,S269G,,,,,,,,,R,,,,,,,,,,https://doi.org/10.1016/j.antiviral.2019.104549,,,Clin,,,21/11/2019,OJCharles,
298,Ul56,E276G,,,,,,,,,R,,,,,,,,,,https://doi.org/10.1016/j.antiviral.2019.104549,,,Clin,,,21/11/2019,OJCharles,
299,Ul56,I313V,,,,,,,,,R,,,,,,,,,,https://doi.org/10.1016/j.antiviral.2019.104549,,,Clin,,,21/11/2019,OJCharles,
300,Ul56,,,,,,,,,,R,,,,,,,,,,https://doi.org/10.1016/j.antiviral.2019.104549,,,Clin,,,21/11/2019,OJCharles,
301,Ul56,S378N,,,,,,,,,R,,,,,,,,,,https://doi.org/10.1016/j.antiviral.2019.104549,,,Clin,,,21/11/2019,OJCharles,
302,Ul56,S445N,,,,,,,,,R,,,,,,,,,,https://doi.org/10.1016/j.antiviral.2019.104549,,,Clin,,,21/11/2019,OJCharles,
303,Ul56,E485G,,,,,,,,,R,,,,,,,,,,https://doi.org/10.1016/j.antiviral.2019.104549,,,Clin,,,21/11/2019,OJCharles,
304,Ul56,I535V,,,,,,,,,R,,,,,,,,,,https://doi.org/10.1016/j.antiviral.2019.104549,,,Clin,,,21/11/2019,OJCharles,
305,Ul56,E542DEL,,,,,,,,,R,,,,,,,,,,https://doi.org/10.1016/j.antiviral.2019.104549,,,Clin,,,21/11/2019,OJCharles,
306,Ul56,Y575C,,,,,,,,,R,,,,,,,,,,https://doi.org/10.1016/j.antiviral.2019.104549,,,Clin,,,21/11/2019,OJCharles,
307,Ul56,M641T,,,,,,,,,R,,,,,,,,,,https://doi.org/10.1016/j.antiviral.2019.104549,,,Clin,,,21/11/2019,OJCharles,
308,Ul56,L658S,,,,,,,,,R,,,,,,,,,,https://doi.org/10.1016/j.antiviral.2019.104549,,,Clin,,,21/11/2019,OJCharles,
309,Ul56,Y667H,,,,,,,,,R,,,,,,,,,,https://doi.org/10.1016/j.antiviral.2019.104549,,,Clin,,,21/11/2019,OJCharles,
310,Ul56,S705F,,,,,,,,,R,,,,,,,,,,https://doi.org/10.1016/j.antiviral.2019.104549,,,Clin,,,21/11/2019,OJCharles,
311,Ul56,V706A,,,,,,,,,R,,,,,,,,,,https://doi.org/10.1016/j.antiviral.2019.104549,,,Clin,,,21/11/2019,OJCharles,
312,Ul56,L750P,,,,,,,,,R,,,,,,,,,,https://doi.org/10.1016/j.antiviral.2019.104549,,,Clin,,,21/11/2019,OJCharles,
313,Ul56,Y757H,,,,,,,,,R,,,,,,,,,,https://doi.org/10.1016/j.antiviral.2019.104549,,,Clin,,,21/11/2019,OJCharles,
314,Ul56,T775I,,,,,,,,,R,,,,,,,,,,https://doi.org/10.1016/j.antiviral.2019.104549,,,Clin,,,21/11/2019,OJCharles,
315,Ul56,R816W,,,,,,,,,R,,,,,,,,,,https://doi.org/10.1016/j.antiviral.2019.104549,,,Clin,,,21/11/2019,OJCharles,
316,Ul56,P846L,,,,,,,,,R,,,,,,,,,,https://doi.org/10.1016/j.antiviral.2019.104549,,,Clin,,,21/11/2019,OJCharles,
317,UL89,K41E,,,,,,,,,R,,,,,,,,,,https://doi.org/10.1016/j.antiviral.2019.104549,,,Clin,,,21/11/2019,OJCharles,
318,UL89,N74S,,,,,,,,,R,,,,,,,,,,https://doi.org/10.1016/j.antiviral.2019.104549,,,Clin,,,21/11/2019,OJCharles,
319,UL89,S102F,,,,,,,,,R,,,,,,,,,,https://doi.org/10.1016/j.antiviral.2019.104549,,,Clin,,,21/11/2019,OJCharles,
320,UL89,F124L,,,,,,,,,R,,,,,,,,,,https://doi.org/10.1016/j.antiviral.2019.104549,,,Clin,,,21/11/2019,OJCharles,
321,UL89,T132A,,,,,,,,,R,,,,,,,,,,https://doi.org/10.1016/j.antiviral.2019.104549,,,Clin,,,21/11/2019,OJCharles,
322,UL89,V146I,,,,,,,,,R,,,,,,,,,,https://doi.org/10.1016/j.antiviral.2019.104549,,,Clin,,,21/11/2019,OJCharles,
323,UL89,P176S,,,,,,,,,R,,,,,,,,,,https://doi.org/10.1016/j.antiviral.2019.104549,,,Clin,,,21/11/2019,OJCharles,
324,UL89,H243R,,,,,,,,,R,,,,,,,,,,https://doi.org/10.1016/j.antiviral.2019.104549,,,Clin,,,21/11/2019,OJCharles,
325,UL89,H246R,,,,,,,,,R,,,,,,,,,,https://doi.org/10.1016/j.antiviral.2019.104549,,,Clin,,,21/11/2019,OJCharles,
326,UL89,D309G,,,,,,,,,R,,,,,,,,,,https://doi.org/10.1016/j.antiviral.2019.104549,,,Clin,,,21/11/2019,OJCharles,
327,UL89,L323P,,,,,,,,,R,,,,,,,,,,https://doi.org/10.1016/j.antiviral.2019.104549,,,Clin,,,21/11/2019,OJCharles,
328,UL89,T331A,,,,,,,,,R,,,,,,,,,,https://doi.org/10.1016/j.antiviral.2019.104549,,,Clin,,,21/11/2019,OJCharles,
329,UL89,S373G,,,,,,,,,R,,,,,,,,,,https://doi.org/10.1016/j.antiviral.2019.104549,,,Clin,,,21/11/2019,OJCharles,
330,UL89,M406V,,,,,,,,,R,,,,,,,,,,https://doi.org/10.1016/j.antiviral.2019.104549,,,Clin,,,21/11/2019,OJCharles,
331,UL89,N426D,,,,,,,,,R,,,,,,,,,,https://doi.org/10.1016/j.antiviral.2019.104549,,,Clin,,,21/11/2019,OJCharles,
332,UL89,L458P,,,,,,,,,R,,,,,,,,,,https://doi.org/10.1016/j.antiviral.2019.104549,,,Clin,,,21/11/2019,OJCharles,
333,UL89,S521G,,,,,,,,,R,,,,,,,,,,https://doi.org/10.1016/j.antiviral.2019.104549,,,Clin,,,21/11/2019,OJCharles,
334,UL89,L522P,,,,,,,,,R,,,,,,,,,,https://doi.org/10.1016/j.antiviral.2019.104549,,,Clin,,,21/11/2019,OJCharles,
335,UL89,A532T,,,,,,,,,R,,,,,,,,,,https://doi.org/10.1016/j.antiviral.2019.104549,,,Clin,,,21/11/2019,OJCharles,
336,UL89,I572V,,,,,,,,,R,,,,,,,,,,https://doi.org/10.1016/j.antiviral.2019.104549,,,Clin,,,21/11/2019,OJCharles,
337,UL89,Q625*,,,,,,,,,R,,,,,,,,,,https://doi.org/10.1016/j.antiviral.2019.104549,,,Clin,,,21/11/2019,OJCharles,
338,UL89,T637A,,,,,,,,,R,,,,,,,,,,https://doi.org/10.1016/j.antiviral.2019.104549,,,Clin,,,21/11/2019,OJCharles,
339,UL89,V656A,,,,,,,,,R,,,,,,,,,,https://doi.org/10.1016/j.antiviral.2019.104549,,,Clin,,,21/11/2019,OJCharles,
340,UL54,V787E,R,11,R,2.9,R,3.4,,,,,,,,,,,,,https://doi.org/10.1093/infdis/jiz298,,,Tested,,,21/11/2019,OJCharles,
341,UL54,V787K,R,3.2,r,1.8,R,9.4,,,,,,,,,,,,,https://doi.org/10.1093/infdis/jiz298,,,Tested,,,21/11/2019,OJCharles,
342,UL54,L501F,,,R,,,,,,,,,,,,,,,,https://doi.org/10.1093/jac/dkz196,,,Tested,,,21/11/2019,OJCharles,
343,UL54,A505T,,,R,,,,,,,,,,,,,,,,https://doi.org/10.1093/jac/dkz196,,,Tested,,,21/11/2019,OJCharles,
344,UL97,H469Y,R,,,,,,,,,,,,,,,,,,https://doi.org/10.1093/jac/dkz196,,,Tested,,,21/11/2019,OJCharles,
345,UL97,A590V ,R,,,,,,,,,,,,,,,,,,https://doi.org/10.1093/jac/dkz196,,,C,,,21/11/2019,OJCharles,see if recurring
346,UL54,D1129N,R,,,,,,,,,,,,,,,,,,https://doi.org/10.1093/jac/dkz196,,,C,,,21/11/2019,OJCharles,see if recurring
347,UL54,V321I ,R,,,,,,,,,,,,,,,,,,https://doi.org/10.1093/jac/dkz196,,,C,,,21/11/2019,OJCharles,see if recurring
348,UL97,L609F ,R,,R,,,,,,,,,,,,,,,,https://doi.org/10.1093/jac/dkz196,,,C,,,21/11/2019,OJCharles,see if recurring
349,UL54,R1030C ,R,,,,,,,,,,,,,,,,,,https://doi.org/10.1093/jac/dkz196,,,C,,,21/11/2019,OJCharles,see if recurring
350,UL54,G1031A,R,,,,,,,,,,,,,,,,,,https://doi.org/10.1093/jac/dkz196,,,C,,,21/11/2019,OJCharles,see if recurring
351,UL54,L394F ,R,,,,,,,,,,,,,,,,,,https://doi.org/10.1093/jac/dkz196,,,C,,,21/11/2019,OJCharles,see if recurring
352,UL54,E877K,R,,,,,,,,,,,,,,,,,,https://doi.org/10.1093/jac/dkz196,,,C,,,21/11/2019,OJCharles,see if recurring
353,UL97,L609F,R,,R,,,,,,,,,,,,,,,,https://doi.org/10.1093/jac/dkz196,,,C,,,21/11/2019,OJCharles,see if recurring
354,UL54,T892A,R,,,,,,,,,,,,,,,,,,https://doi.org/10.1093/jac/dkz196,,,C,,,21/11/2019,OJCharles,see if recurring
355,UL97,M460I,,7.8,,,,,,,,,,,,,,,,12,https://dx.doi.org/10.1128%2FAAC.01259-10,,,T,,,22/11/2019,OJCharles,
356,UL97,M460T,,9.3,,,,,,,,,,,,,,,,10,https://dx.doi.org/10.1128%2FAAC.01259-10,,,T,,,22/11/2019,OJCharles,
357,UL97,M460V,,8.3,,,,,,,,,,,,,,,,4,https://dx.doi.org/10.1128%2FAAC.01259-10,,,T,,,22/11/2019,OJCharles,
358,UL97,H520Q,,7.8,,,,,,,,,,,,,,,,20,https://dx.doi.org/10.1128%2FAAC.01259-10,,,T,,,22/11/2019,OJCharles,
359,UL97,C592G,,3,,,,,,,,,,,,,,,,3.3,https://dx.doi.org/10.1128%2FAAC.01259-10,,,T,,,22/11/2019,OJCharles,
360,UL97,A594V,,8.6,,,,,,,,,,,,,,,,4.5,https://dx.doi.org/10.1128%2FAAC.01259-10,,,T,,,22/11/2019,OJCharles,
361,UL97,L595S,,8.5,,,,,,,,,,,,,,,,1.3,https://dx.doi.org/10.1128%2FAAC.01259-10,,,T,,,22/11/2019,OJCharles,
362,UL97,C603R,,8.3,,,,,,,,,,,,,,,,8.4,https://dx.doi.org/10.1128%2FAAC.01259-10,,,T,,,22/11/2019,OJCharles,
363,UL97,C603S,,1.9,,,,,,,,,,,,,,,,2.8,https://dx.doi.org/10.1128%2FAAC.01259-10,,,T,,,22/11/2019,OJCharles,
364,UL97,C603W,,7.9,,,,,,,,,,,,,,,,4.6,https://dx.doi.org/10.1128%2FAAC.01259-10,,,T,,,22/11/2019,OJCharles,
365,UL54,D515Y,R,3.2,R,2.6,,,,,,,,,,,,,,,https://doi.org/10.1111/ajt.15135,,,T,,,22/11/2019,OJCharles,
366,UL54,L516P,R,4.4,R,5.9,,,,,,,,,,,,,,,https://doi.org/10.1111/ajt.15135,,,T,,,22/11/2019,OJCharles,
367,UL54,L415N,,,,,R,,,,,,,,,,,,,,https://doi.org/10.1093/cid/ciy549,,,C,,,22/11/2019,OJCharles,
368,UL54,S734P,,,,,R,,,,,,,,,,,,,,https://doi.org/10.1093/cid/ciy549,,,C,,,22/11/2019,OJCharles,
369,UL54,A543P,R,4.7,S,,S,,,,,,,,,,,,,,doi: 10.1128/AAC.00922-18,,,T,,,22/11/2019,OJCharles,
370,UL54,Q783R,r,,,,r,,,,,,,,,,,,,,doi:10.1038/s41409-018-0191-8,,,C,,,22/11/2019,OJCharles,
371,UL97,T419M,R,,,,R,,,,,,,,,,,,,,doi: 10.1111/tid.12881,,,C,,,22/11/2019,OJCharles,
372,UL54,R1052C,R,,,,S,,,,,,,,,,,,,,https://doi.org/10.1111/tid.12852,,,C,,,22/11/2019,OJCharles,
