,Gene,AA Change,variable,value
1,UL97,L959S,GCV_EC50_fc,"5,10"
2,UL97,L595T,GCV_EC50_fc,"2,4"
3,UL97,I1610T,GCV_EC50_fc,"2,4"
4,UL97,del1600,GCV_EC50_fc,1
5,UL97,V498I,GCV_EC50_fc,2
6,UL97,A590T,GCV_EC50_fc,2
7,UL97,A591D,GCV_EC50_fc,2
8,UL97,N597I,GCV_EC50_fc,2
9,UL97,G598V,GCV_EC50_fc,2
10,UL97,K599M,GCV_EC50_fc,2
11,UL97,del600-601,GCV_EC50_fc,2
12,UL97,del601-602,GCV_EC50_fc,2
13,UL97,C603Y,GCV_EC50_fc,2
14,UL97,del597-603,GCV_EC50_fc,2
15,UL97,C606D,GCV_EC50_fc,2
16,UL97,C607S,GCV_EC50_fc,2
17,UL97,D605E,GCV_EC50_fc,2
18,UL97,F342S,GCV_EC50_fc,7.8
19,UL97,del355,GCV_EC50_fc,16
20,UL97,V356G,GCV_EC50_fc,5.5
21,UL97,L405P,GCV_EC50_fc,2.5
22,UL97,D456N,GCV_EC50_fc,12
23,UL97,M460I,GCV_EC50_fc,5
24,UL97,M460T,GCV_EC50_fc,9.3
25,UL97,M460V,GCV_EC50_fc,8.3
26,UL97,V466G,GCV_EC50_fc,3.5
27,UL97,C480R,GCV_EC50_fc,9
28,UL97,C518Y,GCV_EC50_fc,12
29,UL97,H520Q,GCV_EC50_fc,10
30,UL97,P521L,GCV_EC50_fc,17
31,UL97,del591-594,GCV_EC50_fc,6
32,UL97,del590-600,GCV_EC50_fc,6.3
33,UL97,del590-603,GCV_EC50_fc,
34,UL97,A591V,GCV_EC50_fc,1.3
35,UL97,del591-607,GCV_EC50_fc,6.2
36,UL97,C592F,GCV_EC50_fc,31.5
37,UL97,C592G,GCV_EC50_fc,2.9
38,UL97,A594E,GCV_EC50_fc,3
39,UL97,A594G,GCV_EC50_fc,13.5
40,UL97,A594P,GCV_EC50_fc,2.9
41,UL97,A594T,GCV_EC50_fc,2.7
42,UL97,A594V,GCV_EC50_fc,8.3
43,UL97,L595F,GCV_EC50_fc,15.7
44,UL97,L595S,GCV_EC50_fc,9.2
45,UL97,L595W,GCV_EC50_fc,5.1
46,UL97,del595,GCV_EC50_fc,13.3
47,UL97,del595-603,GCV_EC50_fc,8.4
48,UL97,del596,GCV_EC50_fc,
49,UL97,E596G,GCV_EC50_fc,2.3
50,UL97,E596Y*,GCV_EC50_fc,6.4
51,UL97,G598S,GCV_EC50_fc,
52,UL97,K599E,GCV_EC50_fc,
53,UL97,K599T,GCV_EC50_fc,5.3
54,UL97,del600,GCV_EC50_fc,1.9
55,UL97,del601-603,GCV_EC50_fc,11
56,UL97,C603R,GCV_EC50_fc,3.6-8.3
57,UL97,C603S,GCV_EC50_fc,1.9
58,UL97,C603W,GCV_EC50_fc,8
59,UL97,C607F,GCV_EC50_fc,1.9
60,UL97,C607Y*,GCV_EC50_fc,12.5
61,UL97,I610T,GCV_EC50_fc,2.8
62,UL97,A613V,GCV_EC50_fc,2.3
63,UL97,del617,GCV_EC50_fc,10
64,UL97,E655K,GCV_EC50_fc,1.7
65,UL54,D301N,GCV_EC50_fc,2.6
66,UL54,N408D,GCV_EC50_fc,4.9
67,UL54,N408K,GCV_EC50_fc,4.2
68,UL54,N408S,GCV_EC50_fc,3.1
69,UL54,N410K,GCV_EC50_fc,2.9
70,UL54,F412C,GCV_EC50_fc,4.2
71,UL54,F412L,GCV_EC50_fc,4.6
72,UL54,F412S,GCV_EC50_fc,5.3
73,UL54,F412V,GCV_EC50_fc,4.3
74,UL54,D413A,GCV_EC50_fc,6.5
75,UL54,D413E,GCV_EC50_fc,4.8
76,UL54,D413N,GCV_EC50_fc,3.8
77,UL54,P488R,GCV_EC50_fc,3.5
78,UL54,N495K,GCV_EC50_fc,1.1
79,UL54,K500N,GCV_EC50_fc,3.2
80,UL54,L501I,GCV_EC50_fc,6
81,UL54,T503I,GCV_EC50_fc,2.9
82,UL54,A505V,GCV_EC50_fc,1.8
83,UL54,K513E,GCV_EC50_fc,5
84,UL54,K513N,GCV_EC50_fc,6
85,UL54,K513R,GCV_EC50_fc,3.7
86,UL54,D515E,GCV_EC50_fc,2.7
87,UL54,D515Y,GCV_EC50_fc,5.6
88,UL54,L516R,GCV_EC50_fc,2.1
89,UL54,I521T,GCV_EC50_fc,2.1
90,UL54,P522A,GCV_EC50_fc,3
91,UL54,P522S,GCV_EC50_fc,3.1
92,UL54,del524,GCV_EC50_fc,3.5
93,UL54,V526L,GCV_EC50_fc,5.5
94,UL54,C539G,GCV_EC50_fc,3.1
95,UL54,C539R,GCV_EC50_fc,3.2
96,UL54,D542E,GCV_EC50_fc,1.5
97,UL54,L545S,GCV_EC50_fc,3.5
98,UL54,L545W,GCV_EC50_fc,4.9
99,UL54,T552N,GCV_EC50_fc,1.9
100,UL54,Q578H,GCV_EC50_fc,3.3
101,UL54,Q578L,GCV_EC50_fc,1.9
102,UL54,S585A,GCV_EC50_fc,1.5
103,UL54,D588E,GCV_EC50_fc,1.3
104,UL54,D588N,GCV_EC50_fc,3.8
105,UL54,F595I,GCV_EC50_fc,1.3
106,UL54,T700A,GCV_EC50_fc,0.9
107,UL54,V715M,GCV_EC50_fc,1
108,UL54,I726T,GCV_EC50_fc,2
109,UL54,I726V,GCV_EC50_fc,1.9
110,UL54,E756D,GCV_EC50_fc,1.2
111,UL54,E756K,GCV_EC50_fc,2.5
112,UL54,E756Q,GCV_EC50_fc,1.7
113,UL54,L773V,GCV_EC50_fc,3
114,UL54,L776M,GCV_EC50_fc,2.5
115,UL54,V781I,GCV_EC50_fc,"1,4"
116,UL54,V787A,GCV_EC50_fc,2.5
117,UL54,V787L,GCV_EC50_fc,2.4
118,UL54,L802M,GCV_EC50_fc,"1,3.5"
119,UL54,L802V,GCV_EC50_fc,1.8
120,UL54,K805Q,GCV_EC50_fc,1
121,UL54,A809V,GCV_EC50_fc,2.6
122,UL54,V812L,GCV_EC50_fc,2.5
123,UL54,T813S,GCV_EC50_fc,2.5
124,UL54,T821I,GCV_EC50_fc,4.5
125,UL54,P829S,GCV_EC50_fc,2
126,UL54,A834P,GCV_EC50_fc,5.4
127,UL54,T838A,GCV_EC50_fc,1.8
128,UL54,G841A,GCV_EC50_fc,3.2
129,UL54,G841S,GCV_EC50_fc,2.2
130,UL54,M844T,GCV_EC50_fc,1.4
131,UL54,M844V,GCV_EC50_fc,2.5
132,UL54,L862F,GCV_EC50_fc,1.7
133,UL54,V946L,GCV_EC50_fc,1.1
134,UL54,L957F,GCV_EC50_fc,2.7
135,UL54,del981-2,GCV_EC50_fc,8.3
136,UL54,A987G,GCV_EC50_fc,5.3
137,UL89,D344E,GCV_EC50_fc,
138,UL89,C347S,GCV_EC50_fc,
139,UL89,R351H,GCV_EC50_fc,
140,UL56,E769D,GCV_EC50_fc,
141,UL56,Q204R,GCV_EC50_fc,
142,UL56,Q204R,GCV_EC50_fc,
143,UL56,N232Y,GCV_EC50_fc,
144,UL56,K258E,GCV_EC50_fc,
145,UL56,F261L,GCV_EC50_fc,
146,UL56,F261L,GCV_EC50_fc,
147,UL56,M329T,GCV_EC50_fc,
148,UL56,M329T,GCV_EC50_fc,
149,UL56,E237D,GCV_EC50_fc,
150,UL56,E237D,GCV_EC50_fc,
151,UL89,N320H,GCV_EC50_fc,
152,UL89,M359I,GCV_EC50_fc,
153,UL89,I334V,GCV_EC50_fc,
154,UL89,N329S,GCV_EC50_fc,
155,UL89,T350M,GCV_EC50_fc,
156,UL89,V362M,GCV_EC50_fc,
157,UL89,H389N,GCV_EC50_fc,
158,UL89,N405D,GCV_EC50_fc,
159,UL89,I334V,GCV_EC50_fc,
160,UL56,L208M,GCV_EC50_fc,
161,UL56,E407D,GCV_EC50_fc,
162,UL56,H637Q,GCV_EC50_fc,
163,UL56,V639M,GCV_EC50_fc,
164,UL56,H637Q,GCV_EC50_fc,
165,UL56,L764M,GCV_EC50_fc,
166,UL56,C25F,GCV_EC50_fc,
167,UL56,S229F,GCV_EC50_fc,
168,UL56,V231A,GCV_EC50_fc,
169,UL56,V231L,GCV_EC50_fc,
170,UL56,N232Y,GCV_EC50_fc,
171,UL56,V236A,GCV_EC50_fc,
172,UL56,V236L,GCV_EC50_fc,
173,UL56,V236M,GCV_EC50_fc,
174,UL56,E237D,GCV_EC50_fc,
175,UL56,L241P,GCV_EC50_fc,
176,UL56,T244K,GCV_EC50_fc,
177,UL56,L254F,GCV_EC50_fc,
178,UL56,L257F,GCV_EC50_fc,
179,UL56,L257I,GCV_EC50_fc,
180,UL56,K258E,GCV_EC50_fc,
181,UL56,F261C,GCV_EC50_fc,
182,UL56,F261L,GCV_EC50_fc,
183,UL56,Y321C,GCV_EC50_fc,
184,UL56,C325F,GCV_EC50_fc,
185,UL56,C325R,GCV_EC50_fc,
186,UL56,C325Y,GCV_EC50_fc,
187,UL56,C325W,GCV_EC50_fc,
188,UL56,L328V,GCV_EC50_fc,
189,UL56,M329T,GCV_EC50_fc,
190,UL56,A365S,GCV_EC50_fc,
191,UL56,N368D,GCV_EC50_fc,
192,UL56,R369G,GCV_EC50_fc,
193,UL56,R369M,GCV_EC50_fc,
194,UL56,R369S,GCV_EC50_fc,
195,UL56,C25F,GCV_EC50_fc,
196,UL56,T244K,GCV_EC50_fc,
197,UL56,E237D,GCV_EC50_fc,
198,UL56,V236L,GCV_EC50_fc,
199,UL56,V236M,GCV_EC50_fc,
200,UL56,S229F,GCV_EC50_fc,
201,UL89,N320H,GCV_EC50_fc,
202,UL89,N329S,GCV_EC50_fc,
203,UL89,D344E,GCV_EC50_fc,
204,UL89,T350M,GCV_EC50_fc,
205,UL56,E237D,GCV_EC50_fc,
206,UL56,F261L,GCV_EC50_fc,
207,UL56,M329T,GCV_EC50_fc,
208,UL56,Q204R,GCV_EC50_fc,
209,UL51,P91S,GCV_EC50_fc,
210,UL51,P91S,GCV_EC50_fc,
211,UL51,P91S,GCV_EC50_fc,
212,UL51,P91S,GCV_EC50_fc,
213,UL51,P91S,GCV_EC50_fc,
214,UL51,P91S,GCV_EC50_fc,
215,UL97,L337M,GCV_EC50_fc,
216,UL97,F342S,GCV_EC50_fc,
217,UL97,V353A,GCV_EC50_fc,
218,UL97,K355del,GCV_EC50_fc,
219,UL97,V356G,GCV_EC50_fc,
220,UL97,L397R,GCV_EC50_fc,
221,UL97,T409M,GCV_EC50_fc,
222,UL97,H411L,GCV_EC50_fc,
223,UL97,H411N,GCV_EC50_fc,
224,UL97,H411Y,GCV_EC50_fc,
225,UL97,D456N,GCV_EC50_fc,
226,UL97,V466G,GCV_EC50_fc,
227,UL97,C480R,GCV_EC50_fc,
228,UL97,P521L,GCV_EC50_fc,
229,UL97,Y617del,GCV_EC50_fc,
230,UL97,V353A,GCV_EC50_fc,
231,UL97,V353A,GCV_EC50_fc,
232,UL27,E22*,GCV_EC50_fc,
233,UL27,W153R,GCV_EC50_fc,
234,UL27,L193F,GCV_EC50_fc,
235,UL27,C218del,GCV_EC50_fc,
236,UL27,R233S,GCV_EC50_fc,
237,UL27,A269T,GCV_EC50_fc,
238,UL27,del301-311,GCV_EC50_fc,
239,UL27,L335P,GCV_EC50_fc,
240,UL27,V353E,GCV_EC50_fc,
241,UL27,W362R,GCV_EC50_fc,
242,UL27,W362*,GCV_EC50_fc,
243,UL27,L426F,GCV_EC50_fc,
244,UL27,A406V,GCV_EC50_fc,
245,UL27,R233S,GCV_EC50_fc,
246,UL27,R233S,GCV_EC50_fc,
247,UL97,L959S,CDV_EC50._fc,
248,UL97,L595T,CDV_EC50._fc,
249,UL97,I1610T,CDV_EC50._fc,
250,UL97,del1600,CDV_EC50._fc,
251,UL97,V498I,CDV_EC50._fc,
252,UL97,A590T,CDV_EC50._fc,
253,UL97,A591D,CDV_EC50._fc,
254,UL97,N597I,CDV_EC50._fc,
255,UL97,G598V,CDV_EC50._fc,
256,UL97,K599M,CDV_EC50._fc,
257,UL97,del600-601,CDV_EC50._fc,
258,UL97,del601-602,CDV_EC50._fc,
259,UL97,C603Y,CDV_EC50._fc,
260,UL97,del597-603,CDV_EC50._fc,
261,UL97,C606D,CDV_EC50._fc,
262,UL97,C607S,CDV_EC50._fc,
263,UL97,D605E,CDV_EC50._fc,
264,UL97,F342S,CDV_EC50._fc,
265,UL97,del355,CDV_EC50._fc,
266,UL97,V356G,CDV_EC50._fc,
267,UL97,L405P,CDV_EC50._fc,
268,UL97,D456N,CDV_EC50._fc,
269,UL97,M460I,CDV_EC50._fc,
270,UL97,M460T,CDV_EC50._fc,
271,UL97,M460V,CDV_EC50._fc,
272,UL97,V466G,CDV_EC50._fc,
273,UL97,C480R,CDV_EC50._fc,
274,UL97,C518Y,CDV_EC50._fc,
275,UL97,H520Q,CDV_EC50._fc,
276,UL97,P521L,CDV_EC50._fc,
277,UL97,del591-594,CDV_EC50._fc,
278,UL97,del590-600,CDV_EC50._fc,
279,UL97,del590-603,CDV_EC50._fc,
280,UL97,A591V,CDV_EC50._fc,
281,UL97,del591-607,CDV_EC50._fc,
282,UL97,C592F,CDV_EC50._fc,
283,UL97,C592G,CDV_EC50._fc,
284,UL97,A594E,CDV_EC50._fc,
285,UL97,A594G,CDV_EC50._fc,
286,UL97,A594P,CDV_EC50._fc,
287,UL97,A594T,CDV_EC50._fc,
288,UL97,A594V,CDV_EC50._fc,
289,UL97,L595F,CDV_EC50._fc,
290,UL97,L595S,CDV_EC50._fc,
291,UL97,L595W,CDV_EC50._fc,
292,UL97,del595,CDV_EC50._fc,
293,UL97,del595-603,CDV_EC50._fc,
294,UL97,del596,CDV_EC50._fc,
295,UL97,E596G,CDV_EC50._fc,
296,UL97,E596Y*,CDV_EC50._fc,
297,UL97,G598S,CDV_EC50._fc,
298,UL97,K599E,CDV_EC50._fc,
299,UL97,K599T,CDV_EC50._fc,
300,UL97,del600,CDV_EC50._fc,
301,UL97,del601-603,CDV_EC50._fc,
302,UL97,C603R,CDV_EC50._fc,
303,UL97,C603S,CDV_EC50._fc,
304,UL97,C603W,CDV_EC50._fc,
305,UL97,C607F,CDV_EC50._fc,
306,UL97,C607Y*,CDV_EC50._fc,
307,UL97,I610T,CDV_EC50._fc,
308,UL97,A613V,CDV_EC50._fc,
309,UL97,del617,CDV_EC50._fc,
310,UL97,E655K,CDV_EC50._fc,
311,UL54,D301N,CDV_EC50._fc,3
312,UL54,N408D,CDV_EC50._fc,5.6
313,UL54,N408K,CDV_EC50._fc,21
314,UL54,N408S,CDV_EC50._fc,7.5
315,UL54,N410K,CDV_EC50._fc,3
316,UL54,F412C,CDV_EC50._fc,18
317,UL54,F412L,CDV_EC50._fc,9.4
318,UL54,F412S,CDV_EC50._fc,13
319,UL54,F412V,CDV_EC50._fc,15.5
320,UL54,D413A,CDV_EC50._fc,11
321,UL54,D413E,CDV_EC50._fc,4.3
322,UL54,D413N,CDV_EC50._fc,10
323,UL54,P488R,CDV_EC50._fc,7.9
324,UL54,N495K,CDV_EC50._fc,1.1
325,UL54,K500N,CDV_EC50._fc,3
326,UL54,L501I,CDV_EC50._fc,9.1
327,UL54,T503I,CDV_EC50._fc,6.1
328,UL54,A505V,CDV_EC50._fc,2
329,UL54,K513E,CDV_EC50._fc,9.1
330,UL54,K513N,CDV_EC50._fc,12.5
331,UL54,K513R,CDV_EC50._fc,10
332,UL54,D515E,CDV_EC50._fc,
333,UL54,D515Y,CDV_EC50._fc,
334,UL54,L516R,CDV_EC50._fc,5.1
335,UL54,I521T,CDV_EC50._fc,5.1
336,UL54,P522A,CDV_EC50._fc,4.1
337,UL54,P522S,CDV_EC50._fc,3.6
338,UL54,del524,CDV_EC50._fc,9.7
339,UL54,V526L,CDV_EC50._fc,2.5
340,UL54,C539G,CDV_EC50._fc,4.4
341,UL54,C539R,CDV_EC50._fc,13.3
342,UL54,D542E,CDV_EC50._fc,12
343,UL54,L545S,CDV_EC50._fc,9.1
344,UL54,L545W,CDV_EC50._fc,6.3
345,UL54,T552N,CDV_EC50._fc,1.2
346,UL54,Q578H,CDV_EC50._fc,2.3
347,UL54,Q578L,CDV_EC50._fc,0.8
348,UL54,S585A,CDV_EC50._fc,1.4
349,UL54,D588E,CDV_EC50._fc,1.1
350,UL54,D588N,CDV_EC50._fc,2.7
351,UL54,F595I,CDV_EC50._fc,1.2
352,UL54,T700A,CDV_EC50._fc,1.5
353,UL54,V715M,CDV_EC50._fc,1.1
354,UL54,I726T,CDV_EC50._fc,1.7
355,UL54,I726V,CDV_EC50._fc,1.9
356,UL54,E756D,CDV_EC50._fc,0.7
357,UL54,E756K,CDV_EC50._fc,2.2
358,UL54,E756Q,CDV_EC50._fc,1
359,UL54,L773V,CDV_EC50._fc,2.5
360,UL54,L776M,CDV_EC50._fc,1
361,UL54,V781I,CDV_EC50._fc,1.2
362,UL54,V787A,CDV_EC50._fc,
363,UL54,V787L,CDV_EC50._fc,1
364,UL54,L802M,CDV_EC50._fc,"0.9,1.8"
365,UL54,L802V,CDV_EC50._fc,1.1
366,UL54,K805Q,CDV_EC50._fc,2.2
367,UL54,A809V,CDV_EC50._fc,1.7
368,UL54,V812L,CDV_EC50._fc,3.2
369,UL54,T813S,CDV_EC50._fc,2.7
370,UL54,T821I,CDV_EC50._fc,1.9
371,UL54,P829S,CDV_EC50._fc,1.6
372,UL54,A834P,CDV_EC50._fc,3
373,UL54,T838A,CDV_EC50._fc,0.8
374,UL54,G841A,CDV_EC50._fc,2.6
375,UL54,G841S,CDV_EC50._fc,1.1
376,UL54,M844T,CDV_EC50._fc,1.3
377,UL54,M844V,CDV_EC50._fc,1.6
378,UL54,L862F,CDV_EC50._fc,0.9
379,UL54,V946L,CDV_EC50._fc,0.9
380,UL54,L957F,CDV_EC50._fc,1.4
381,UL54,del981-2,CDV_EC50._fc,2.8
382,UL54,A987G,CDV_EC50._fc,11.3
383,UL89,D344E,CDV_EC50._fc,
384,UL89,C347S,CDV_EC50._fc,
385,UL89,R351H,CDV_EC50._fc,
386,UL56,E769D,CDV_EC50._fc,
387,UL56,Q204R,CDV_EC50._fc,
388,UL56,Q204R,CDV_EC50._fc,
389,UL56,N232Y,CDV_EC50._fc,
390,UL56,K258E,CDV_EC50._fc,
391,UL56,F261L,CDV_EC50._fc,
392,UL56,F261L,CDV_EC50._fc,
393,UL56,M329T,CDV_EC50._fc,
394,UL56,M329T,CDV_EC50._fc,
395,UL56,E237D,CDV_EC50._fc,
396,UL56,E237D,CDV_EC50._fc,
397,UL89,N320H,CDV_EC50._fc,
398,UL89,M359I,CDV_EC50._fc,
399,UL89,I334V,CDV_EC50._fc,
400,UL89,N329S,CDV_EC50._fc,
401,UL89,T350M,CDV_EC50._fc,
402,UL89,V362M,CDV_EC50._fc,
403,UL89,H389N,CDV_EC50._fc,
404,UL89,N405D,CDV_EC50._fc,
405,UL89,I334V,CDV_EC50._fc,
406,UL56,L208M,CDV_EC50._fc,
407,UL56,E407D,CDV_EC50._fc,
408,UL56,H637Q,CDV_EC50._fc,
409,UL56,V639M,CDV_EC50._fc,
410,UL56,H637Q,CDV_EC50._fc,
411,UL56,L764M,CDV_EC50._fc,
412,UL56,C25F,CDV_EC50._fc,
413,UL56,S229F,CDV_EC50._fc,
414,UL56,V231A,CDV_EC50._fc,
415,UL56,V231L,CDV_EC50._fc,
416,UL56,N232Y,CDV_EC50._fc,
417,UL56,V236A,CDV_EC50._fc,
418,UL56,V236L,CDV_EC50._fc,
419,UL56,V236M,CDV_EC50._fc,
420,UL56,E237D,CDV_EC50._fc,
421,UL56,L241P,CDV_EC50._fc,
422,UL56,T244K,CDV_EC50._fc,
423,UL56,L254F,CDV_EC50._fc,
424,UL56,L257F,CDV_EC50._fc,
425,UL56,L257I,CDV_EC50._fc,
426,UL56,K258E,CDV_EC50._fc,
427,UL56,F261C,CDV_EC50._fc,
428,UL56,F261L,CDV_EC50._fc,
429,UL56,Y321C,CDV_EC50._fc,
430,UL56,C325F,CDV_EC50._fc,
431,UL56,C325R,CDV_EC50._fc,
432,UL56,C325Y,CDV_EC50._fc,
433,UL56,C325W,CDV_EC50._fc,
434,UL56,L328V,CDV_EC50._fc,
435,UL56,M329T,CDV_EC50._fc,
436,UL56,A365S,CDV_EC50._fc,
437,UL56,N368D,CDV_EC50._fc,
438,UL56,R369G,CDV_EC50._fc,
439,UL56,R369M,CDV_EC50._fc,
440,UL56,R369S,CDV_EC50._fc,
441,UL56,C25F,CDV_EC50._fc,
442,UL56,T244K,CDV_EC50._fc,
443,UL56,E237D,CDV_EC50._fc,
444,UL56,V236L,CDV_EC50._fc,
445,UL56,V236M,CDV_EC50._fc,
446,UL56,S229F,CDV_EC50._fc,
447,UL89,N320H,CDV_EC50._fc,
448,UL89,N329S,CDV_EC50._fc,
449,UL89,D344E,CDV_EC50._fc,
450,UL89,T350M,CDV_EC50._fc,
451,UL56,E237D,CDV_EC50._fc,
452,UL56,F261L,CDV_EC50._fc,
453,UL56,M329T,CDV_EC50._fc,
454,UL56,Q204R,CDV_EC50._fc,
455,UL51,P91S,CDV_EC50._fc,
456,UL51,P91S,CDV_EC50._fc,
457,UL51,P91S,CDV_EC50._fc,
458,UL51,P91S,CDV_EC50._fc,
459,UL51,P91S,CDV_EC50._fc,
460,UL51,P91S,CDV_EC50._fc,
461,UL97,L337M,CDV_EC50._fc,
462,UL97,F342S,CDV_EC50._fc,
463,UL97,V353A,CDV_EC50._fc,
464,UL97,K355del,CDV_EC50._fc,
465,UL97,V356G,CDV_EC50._fc,
466,UL97,L397R,CDV_EC50._fc,
467,UL97,T409M,CDV_EC50._fc,
468,UL97,H411L,CDV_EC50._fc,
469,UL97,H411N,CDV_EC50._fc,
470,UL97,H411Y,CDV_EC50._fc,
471,UL97,D456N,CDV_EC50._fc,
472,UL97,V466G,CDV_EC50._fc,
473,UL97,C480R,CDV_EC50._fc,
474,UL97,P521L,CDV_EC50._fc,
475,UL97,Y617del,CDV_EC50._fc,
476,UL97,V353A,CDV_EC50._fc,
477,UL97,V353A,CDV_EC50._fc,
478,UL27,E22*,CDV_EC50._fc,
479,UL27,W153R,CDV_EC50._fc,
480,UL27,L193F,CDV_EC50._fc,
481,UL27,C218del,CDV_EC50._fc,
482,UL27,R233S,CDV_EC50._fc,
483,UL27,A269T,CDV_EC50._fc,
484,UL27,del301-311,CDV_EC50._fc,
485,UL27,L335P,CDV_EC50._fc,
486,UL27,V353E,CDV_EC50._fc,
487,UL27,W362R,CDV_EC50._fc,
488,UL27,W362*,CDV_EC50._fc,
489,UL27,L426F,CDV_EC50._fc,
490,UL27,A406V,CDV_EC50._fc,
491,UL27,R233S,CDV_EC50._fc,
492,UL27,R233S,CDV_EC50._fc,
493,UL97,L959S,FOS_EC50_fc,
494,UL97,L595T,FOS_EC50_fc,
495,UL97,I1610T,FOS_EC50_fc,
496,UL97,del1600,FOS_EC50_fc,
497,UL97,V498I,FOS_EC50_fc,
498,UL97,A590T,FOS_EC50_fc,
499,UL97,A591D,FOS_EC50_fc,
500,UL97,N597I,FOS_EC50_fc,
501,UL97,G598V,FOS_EC50_fc,
502,UL97,K599M,FOS_EC50_fc,
503,UL97,del600-601,FOS_EC50_fc,
504,UL97,del601-602,FOS_EC50_fc,
505,UL97,C603Y,FOS_EC50_fc,
506,UL97,del597-603,FOS_EC50_fc,
507,UL97,C606D,FOS_EC50_fc,
508,UL97,C607S,FOS_EC50_fc,
509,UL97,D605E,FOS_EC50_fc,
510,UL97,F342S,FOS_EC50_fc,
511,UL97,del355,FOS_EC50_fc,
512,UL97,V356G,FOS_EC50_fc,
513,UL97,L405P,FOS_EC50_fc,
514,UL97,D456N,FOS_EC50_fc,
515,UL97,M460I,FOS_EC50_fc,
516,UL97,M460T,FOS_EC50_fc,
517,UL97,M460V,FOS_EC50_fc,
518,UL97,V466G,FOS_EC50_fc,
519,UL97,C480R,FOS_EC50_fc,
520,UL97,C518Y,FOS_EC50_fc,
521,UL97,H520Q,FOS_EC50_fc,
522,UL97,P521L,FOS_EC50_fc,
523,UL97,del591-594,FOS_EC50_fc,
524,UL97,del590-600,FOS_EC50_fc,
525,UL97,del590-603,FOS_EC50_fc,
526,UL97,A591V,FOS_EC50_fc,
527,UL97,del591-607,FOS_EC50_fc,
528,UL97,C592F,FOS_EC50_fc,
529,UL97,C592G,FOS_EC50_fc,
530,UL97,A594E,FOS_EC50_fc,
531,UL97,A594G,FOS_EC50_fc,
532,UL97,A594P,FOS_EC50_fc,
533,UL97,A594T,FOS_EC50_fc,
534,UL97,A594V,FOS_EC50_fc,
535,UL97,L595F,FOS_EC50_fc,
536,UL97,L595S,FOS_EC50_fc,
537,UL97,L595W,FOS_EC50_fc,
538,UL97,del595,FOS_EC50_fc,
539,UL97,del595-603,FOS_EC50_fc,
540,UL97,del596,FOS_EC50_fc,
541,UL97,E596G,FOS_EC50_fc,
542,UL97,E596Y*,FOS_EC50_fc,
543,UL97,G598S,FOS_EC50_fc,
544,UL97,K599E,FOS_EC50_fc,
545,UL97,K599T,FOS_EC50_fc,
546,UL97,del600,FOS_EC50_fc,
547,UL97,del601-603,FOS_EC50_fc,
548,UL97,C603R,FOS_EC50_fc,
549,UL97,C603S,FOS_EC50_fc,
550,UL97,C603W,FOS_EC50_fc,
551,UL97,C607F,FOS_EC50_fc,
552,UL97,C607Y*,FOS_EC50_fc,
553,UL97,I610T,FOS_EC50_fc,
554,UL97,A613V,FOS_EC50_fc,
555,UL97,del617,FOS_EC50_fc,
556,UL97,E655K,FOS_EC50_fc,
557,UL54,D301N,FOS_EC50_fc,0.5
558,UL54,N408D,FOS_EC50_fc,1.3
559,UL54,N408K,FOS_EC50_fc,0.7
560,UL54,N408S,FOS_EC50_fc,1
561,UL54,N410K,FOS_EC50_fc,0.8
562,UL54,F412C,FOS_EC50_fc,1.2
563,UL54,F412L,FOS_EC50_fc,1.1
564,UL54,F412S,FOS_EC50_fc,0.8
565,UL54,F412V,FOS_EC50_fc,1.1
566,UL54,D413A,FOS_EC50_fc,0.8
567,UL54,D413E,FOS_EC50_fc,0.8
568,UL54,D413N,FOS_EC50_fc,1
569,UL54,P488R,FOS_EC50_fc,0.6
570,UL54,N495K,FOS_EC50_fc,3.4
571,UL54,K500N,FOS_EC50_fc,1.2
572,UL54,L501I,FOS_EC50_fc,1.4
573,UL54,T503I,FOS_EC50_fc,0.5
574,UL54,A505V,FOS_EC50_fc,1.1
575,UL54,K513E,FOS_EC50_fc,1.4
576,UL54,K513N,FOS_EC50_fc,1.5
577,UL54,K513R,FOS_EC50_fc,1.1
578,UL54,D515E,FOS_EC50_fc,4.6
579,UL54,D515Y,FOS_EC50_fc,4.6
580,UL54,L516R,FOS_EC50_fc,0.8
581,UL54,I521T,FOS_EC50_fc,0.8
582,UL54,P522A,FOS_EC50_fc,1
583,UL54,P522S,FOS_EC50_fc,1.1
584,UL54,del524,FOS_EC50_fc,1.1
585,UL54,V526L,FOS_EC50_fc,1.8
586,UL54,C539G,FOS_EC50_fc,1
587,UL54,C539R,FOS_EC50_fc,0.7
588,UL54,D542E,FOS_EC50_fc,1.7
589,UL54,L545S,FOS_EC50_fc,1.2
590,UL54,L545W,FOS_EC50_fc,1.3
591,UL54,T552N,FOS_EC50_fc,2.6
592,UL54,Q578H,FOS_EC50_fc,4.5
593,UL54,Q578L,FOS_EC50_fc,3
594,UL54,S585A,FOS_EC50_fc,2.7
595,UL54,D588E,FOS_EC50_fc,2.3
596,UL54,D588N,FOS_EC50_fc,"3.2,9"
597,UL54,F595I,FOS_EC50_fc,2
598,UL54,T700A,FOS_EC50_fc,4.7
599,UL54,V715M,FOS_EC50_fc,5.5
600,UL54,I726T,FOS_EC50_fc,1.1
601,UL54,I726V,FOS_EC50_fc,1.2
602,UL54,E756D,FOS_EC50_fc,3.4
603,UL54,E756K,FOS_EC50_fc,>8
604,UL54,E756Q,FOS_EC50_fc,4.3
605,UL54,L773V,FOS_EC50_fc,4.4
606,UL54,L776M,FOS_EC50_fc,3.5
607,UL54,V781I,FOS_EC50_fc,"4,5.2"
608,UL54,V787A,FOS_EC50_fc,3.5
609,UL54,V787L,FOS_EC50_fc,4.1
610,UL54,L802M,FOS_EC50_fc,"3.2,11"
611,UL54,L802V,FOS_EC50_fc,0.9
612,UL54,K805Q,FOS_EC50_fc,0.18
613,UL54,A809V,FOS_EC50_fc,6.3
614,UL54,V812L,FOS_EC50_fc,2.9
615,UL54,T813S,FOS_EC50_fc,4.9
616,UL54,T821I,FOS_EC50_fc,21
617,UL54,P829S,FOS_EC50_fc,1.1
618,UL54,A834P,FOS_EC50_fc,6.4
619,UL54,T838A,FOS_EC50_fc,2.4
620,UL54,G841A,FOS_EC50_fc,4.3
621,UL54,G841S,FOS_EC50_fc,2.1
622,UL54,M844T,FOS_EC50_fc,2.5
623,UL54,M844V,FOS_EC50_fc,2.2
624,UL54,L862F,FOS_EC50_fc,1.1
625,UL54,V946L,FOS_EC50_fc,2.4
626,UL54,L957F,FOS_EC50_fc,1.3
627,UL54,del981-2,FOS_EC50_fc,3.6
628,UL54,A987G,FOS_EC50_fc,1.2
629,UL89,D344E,FOS_EC50_fc,
630,UL89,C347S,FOS_EC50_fc,
631,UL89,R351H,FOS_EC50_fc,
632,UL56,E769D,FOS_EC50_fc,
633,UL56,Q204R,FOS_EC50_fc,
634,UL56,Q204R,FOS_EC50_fc,
635,UL56,N232Y,FOS_EC50_fc,
636,UL56,K258E,FOS_EC50_fc,
637,UL56,F261L,FOS_EC50_fc,
638,UL56,F261L,FOS_EC50_fc,
639,UL56,M329T,FOS_EC50_fc,
640,UL56,M329T,FOS_EC50_fc,
641,UL56,E237D,FOS_EC50_fc,
642,UL56,E237D,FOS_EC50_fc,
643,UL89,N320H,FOS_EC50_fc,
644,UL89,M359I,FOS_EC50_fc,
645,UL89,I334V,FOS_EC50_fc,
646,UL89,N329S,FOS_EC50_fc,
647,UL89,T350M,FOS_EC50_fc,
648,UL89,V362M,FOS_EC50_fc,
649,UL89,H389N,FOS_EC50_fc,
650,UL89,N405D,FOS_EC50_fc,
651,UL89,I334V,FOS_EC50_fc,
652,UL56,L208M,FOS_EC50_fc,
653,UL56,E407D,FOS_EC50_fc,
654,UL56,H637Q,FOS_EC50_fc,
655,UL56,V639M,FOS_EC50_fc,
656,UL56,H637Q,FOS_EC50_fc,
657,UL56,L764M,FOS_EC50_fc,
658,UL56,C25F,FOS_EC50_fc,
659,UL56,S229F,FOS_EC50_fc,
660,UL56,V231A,FOS_EC50_fc,
661,UL56,V231L,FOS_EC50_fc,
662,UL56,N232Y,FOS_EC50_fc,
663,UL56,V236A,FOS_EC50_fc,
664,UL56,V236L,FOS_EC50_fc,
665,UL56,V236M,FOS_EC50_fc,
666,UL56,E237D,FOS_EC50_fc,
667,UL56,L241P,FOS_EC50_fc,
668,UL56,T244K,FOS_EC50_fc,
669,UL56,L254F,FOS_EC50_fc,
670,UL56,L257F,FOS_EC50_fc,
671,UL56,L257I,FOS_EC50_fc,
672,UL56,K258E,FOS_EC50_fc,
673,UL56,F261C,FOS_EC50_fc,
674,UL56,F261L,FOS_EC50_fc,
675,UL56,Y321C,FOS_EC50_fc,
676,UL56,C325F,FOS_EC50_fc,
677,UL56,C325R,FOS_EC50_fc,
678,UL56,C325Y,FOS_EC50_fc,
679,UL56,C325W,FOS_EC50_fc,
680,UL56,L328V,FOS_EC50_fc,
681,UL56,M329T,FOS_EC50_fc,
682,UL56,A365S,FOS_EC50_fc,
683,UL56,N368D,FOS_EC50_fc,
684,UL56,R369G,FOS_EC50_fc,
685,UL56,R369M,FOS_EC50_fc,
686,UL56,R369S,FOS_EC50_fc,
687,UL56,C25F,FOS_EC50_fc,
688,UL56,T244K,FOS_EC50_fc,
689,UL56,E237D,FOS_EC50_fc,
690,UL56,V236L,FOS_EC50_fc,
691,UL56,V236M,FOS_EC50_fc,
692,UL56,S229F,FOS_EC50_fc,
693,UL89,N320H,FOS_EC50_fc,
694,UL89,N329S,FOS_EC50_fc,
695,UL89,D344E,FOS_EC50_fc,
696,UL89,T350M,FOS_EC50_fc,
697,UL56,E237D,FOS_EC50_fc,
698,UL56,F261L,FOS_EC50_fc,
699,UL56,M329T,FOS_EC50_fc,
700,UL56,Q204R,FOS_EC50_fc,
701,UL51,P91S,FOS_EC50_fc,
702,UL51,P91S,FOS_EC50_fc,
703,UL51,P91S,FOS_EC50_fc,
704,UL51,P91S,FOS_EC50_fc,
705,UL51,P91S,FOS_EC50_fc,
706,UL51,P91S,FOS_EC50_fc,
707,UL97,L337M,FOS_EC50_fc,
708,UL97,F342S,FOS_EC50_fc,
709,UL97,V353A,FOS_EC50_fc,
710,UL97,K355del,FOS_EC50_fc,
711,UL97,V356G,FOS_EC50_fc,
712,UL97,L397R,FOS_EC50_fc,
713,UL97,T409M,FOS_EC50_fc,
714,UL97,H411L,FOS_EC50_fc,
715,UL97,H411N,FOS_EC50_fc,
716,UL97,H411Y,FOS_EC50_fc,
717,UL97,D456N,FOS_EC50_fc,
718,UL97,V466G,FOS_EC50_fc,
719,UL97,C480R,FOS_EC50_fc,
720,UL97,P521L,FOS_EC50_fc,
721,UL97,Y617del,FOS_EC50_fc,
722,UL97,V353A,FOS_EC50_fc,
723,UL97,V353A,FOS_EC50_fc,
724,UL27,E22*,FOS_EC50_fc,
725,UL27,W153R,FOS_EC50_fc,
726,UL27,L193F,FOS_EC50_fc,
727,UL27,C218del,FOS_EC50_fc,
728,UL27,R233S,FOS_EC50_fc,
729,UL27,A269T,FOS_EC50_fc,
730,UL27,del301-311,FOS_EC50_fc,
731,UL27,L335P,FOS_EC50_fc,
732,UL27,V353E,FOS_EC50_fc,
733,UL27,W362R,FOS_EC50_fc,
734,UL27,W362*,FOS_EC50_fc,
735,UL27,L426F,FOS_EC50_fc,
736,UL27,A406V,FOS_EC50_fc,
737,UL27,R233S,FOS_EC50_fc,
738,UL27,R233S,FOS_EC50_fc,
739,UL97,L959S,BCV_EC50_Fc,NA
740,UL97,L595T,BCV_EC50_Fc,NA
741,UL97,I1610T,BCV_EC50_Fc,NA
742,UL97,del1600,BCV_EC50_Fc,NA
743,UL97,V498I,BCV_EC50_Fc,NA
744,UL97,A590T,BCV_EC50_Fc,NA
745,UL97,A591D,BCV_EC50_Fc,NA
746,UL97,N597I,BCV_EC50_Fc,NA
747,UL97,G598V,BCV_EC50_Fc,NA
748,UL97,K599M,BCV_EC50_Fc,NA
749,UL97,del600-601,BCV_EC50_Fc,NA
750,UL97,del601-602,BCV_EC50_Fc,NA
751,UL97,C603Y,BCV_EC50_Fc,NA
752,UL97,del597-603,BCV_EC50_Fc,NA
753,UL97,C606D,BCV_EC50_Fc,NA
754,UL97,C607S,BCV_EC50_Fc,NA
755,UL97,D605E,BCV_EC50_Fc,NA
756,UL97,F342S,BCV_EC50_Fc,NA
757,UL97,del355,BCV_EC50_Fc,NA
758,UL97,V356G,BCV_EC50_Fc,NA
759,UL97,L405P,BCV_EC50_Fc,NA
760,UL97,D456N,BCV_EC50_Fc,NA
761,UL97,M460I,BCV_EC50_Fc,NA
762,UL97,M460T,BCV_EC50_Fc,NA
763,UL97,M460V,BCV_EC50_Fc,NA
764,UL97,V466G,BCV_EC50_Fc,NA
765,UL97,C480R,BCV_EC50_Fc,NA
766,UL97,C518Y,BCV_EC50_Fc,NA
767,UL97,H520Q,BCV_EC50_Fc,NA
768,UL97,P521L,BCV_EC50_Fc,NA
769,UL97,del591-594,BCV_EC50_Fc,NA
770,UL97,del590-600,BCV_EC50_Fc,NA
771,UL97,del590-603,BCV_EC50_Fc,NA
772,UL97,A591V,BCV_EC50_Fc,NA
773,UL97,del591-607,BCV_EC50_Fc,NA
774,UL97,C592F,BCV_EC50_Fc,NA
775,UL97,C592G,BCV_EC50_Fc,NA
776,UL97,A594E,BCV_EC50_Fc,NA
777,UL97,A594G,BCV_EC50_Fc,NA
778,UL97,A594P,BCV_EC50_Fc,NA
779,UL97,A594T,BCV_EC50_Fc,NA
780,UL97,A594V,BCV_EC50_Fc,NA
781,UL97,L595F,BCV_EC50_Fc,NA
782,UL97,L595S,BCV_EC50_Fc,NA
783,UL97,L595W,BCV_EC50_Fc,NA
784,UL97,del595,BCV_EC50_Fc,NA
785,UL97,del595-603,BCV_EC50_Fc,NA
786,UL97,del596,BCV_EC50_Fc,NA
787,UL97,E596G,BCV_EC50_Fc,NA
788,UL97,E596Y*,BCV_EC50_Fc,NA
789,UL97,G598S,BCV_EC50_Fc,NA
790,UL97,K599E,BCV_EC50_Fc,NA
791,UL97,K599T,BCV_EC50_Fc,NA
792,UL97,del600,BCV_EC50_Fc,NA
793,UL97,del601-603,BCV_EC50_Fc,NA
794,UL97,C603R,BCV_EC50_Fc,NA
795,UL97,C603S,BCV_EC50_Fc,NA
796,UL97,C603W,BCV_EC50_Fc,NA
797,UL97,C607F,BCV_EC50_Fc,NA
798,UL97,C607Y*,BCV_EC50_Fc,NA
799,UL97,I610T,BCV_EC50_Fc,NA
800,UL97,A613V,BCV_EC50_Fc,NA
801,UL97,del617,BCV_EC50_Fc,NA
802,UL97,E655K,BCV_EC50_Fc,NA
803,UL54,D301N,BCV_EC50_Fc,NA
804,UL54,N408D,BCV_EC50_Fc,NA
805,UL54,N408K,BCV_EC50_Fc,NA
806,UL54,N408S,BCV_EC50_Fc,NA
807,UL54,N410K,BCV_EC50_Fc,NA
808,UL54,F412C,BCV_EC50_Fc,NA
809,UL54,F412L,BCV_EC50_Fc,NA
810,UL54,F412S,BCV_EC50_Fc,NA
811,UL54,F412V,BCV_EC50_Fc,NA
812,UL54,D413A,BCV_EC50_Fc,NA
813,UL54,D413E,BCV_EC50_Fc,NA
814,UL54,D413N,BCV_EC50_Fc,NA
815,UL54,P488R,BCV_EC50_Fc,NA
816,UL54,N495K,BCV_EC50_Fc,NA
817,UL54,K500N,BCV_EC50_Fc,NA
818,UL54,L501I,BCV_EC50_Fc,NA
819,UL54,T503I,BCV_EC50_Fc,NA
820,UL54,A505V,BCV_EC50_Fc,NA
821,UL54,K513E,BCV_EC50_Fc,NA
822,UL54,K513N,BCV_EC50_Fc,NA
823,UL54,K513R,BCV_EC50_Fc,NA
824,UL54,D515E,BCV_EC50_Fc,NA
825,UL54,D515Y,BCV_EC50_Fc,NA
826,UL54,L516R,BCV_EC50_Fc,NA
827,UL54,I521T,BCV_EC50_Fc,NA
828,UL54,P522A,BCV_EC50_Fc,NA
829,UL54,P522S,BCV_EC50_Fc,NA
830,UL54,del524,BCV_EC50_Fc,NA
831,UL54,V526L,BCV_EC50_Fc,NA
832,UL54,C539G,BCV_EC50_Fc,NA
833,UL54,C539R,BCV_EC50_Fc,NA
834,UL54,D542E,BCV_EC50_Fc,NA
835,UL54,L545S,BCV_EC50_Fc,NA
836,UL54,L545W,BCV_EC50_Fc,NA
837,UL54,T552N,BCV_EC50_Fc,NA
838,UL54,Q578H,BCV_EC50_Fc,NA
839,UL54,Q578L,BCV_EC50_Fc,NA
840,UL54,S585A,BCV_EC50_Fc,NA
841,UL54,D588E,BCV_EC50_Fc,NA
842,UL54,D588N,BCV_EC50_Fc,NA
843,UL54,F595I,BCV_EC50_Fc,NA
844,UL54,T700A,BCV_EC50_Fc,NA
845,UL54,V715M,BCV_EC50_Fc,NA
846,UL54,I726T,BCV_EC50_Fc,NA
847,UL54,I726V,BCV_EC50_Fc,NA
848,UL54,E756D,BCV_EC50_Fc,NA
849,UL54,E756K,BCV_EC50_Fc,NA
850,UL54,E756Q,BCV_EC50_Fc,NA
851,UL54,L773V,BCV_EC50_Fc,NA
852,UL54,L776M,BCV_EC50_Fc,NA
853,UL54,V781I,BCV_EC50_Fc,NA
854,UL54,V787A,BCV_EC50_Fc,NA
855,UL54,V787L,BCV_EC50_Fc,NA
856,UL54,L802M,BCV_EC50_Fc,NA
857,UL54,L802V,BCV_EC50_Fc,NA
858,UL54,K805Q,BCV_EC50_Fc,NA
859,UL54,A809V,BCV_EC50_Fc,NA
860,UL54,V812L,BCV_EC50_Fc,NA
861,UL54,T813S,BCV_EC50_Fc,NA
862,UL54,T821I,BCV_EC50_Fc,NA
863,UL54,P829S,BCV_EC50_Fc,NA
864,UL54,A834P,BCV_EC50_Fc,NA
865,UL54,T838A,BCV_EC50_Fc,NA
866,UL54,G841A,BCV_EC50_Fc,NA
867,UL54,G841S,BCV_EC50_Fc,NA
868,UL54,M844T,BCV_EC50_Fc,NA
869,UL54,M844V,BCV_EC50_Fc,NA
870,UL54,L862F,BCV_EC50_Fc,NA
871,UL54,V946L,BCV_EC50_Fc,NA
872,UL54,L957F,BCV_EC50_Fc,NA
873,UL54,del981-2,BCV_EC50_Fc,NA
874,UL54,A987G,BCV_EC50_Fc,NA
875,UL89,D344E,BCV_EC50_Fc,NA
876,UL89,C347S,BCV_EC50_Fc,NA
877,UL89,R351H,BCV_EC50_Fc,NA
878,UL56,E769D,BCV_EC50_Fc,NA
879,UL56,Q204R,BCV_EC50_Fc,NA
880,UL56,Q204R,BCV_EC50_Fc,NA
881,UL56,N232Y,BCV_EC50_Fc,NA
882,UL56,K258E,BCV_EC50_Fc,NA
883,UL56,F261L,BCV_EC50_Fc,NA
884,UL56,F261L,BCV_EC50_Fc,NA
885,UL56,M329T,BCV_EC50_Fc,NA
886,UL56,M329T,BCV_EC50_Fc,NA
887,UL56,E237D,BCV_EC50_Fc,NA
888,UL56,E237D,BCV_EC50_Fc,NA
889,UL89,N320H,BCV_EC50_Fc,NA
890,UL89,M359I,BCV_EC50_Fc,NA
891,UL89,I334V,BCV_EC50_Fc,NA
892,UL89,N329S,BCV_EC50_Fc,NA
893,UL89,T350M,BCV_EC50_Fc,NA
894,UL89,V362M,BCV_EC50_Fc,NA
895,UL89,H389N,BCV_EC50_Fc,NA
896,UL89,N405D,BCV_EC50_Fc,NA
897,UL89,I334V,BCV_EC50_Fc,NA
898,UL56,L208M,BCV_EC50_Fc,NA
899,UL56,E407D,BCV_EC50_Fc,NA
900,UL56,H637Q,BCV_EC50_Fc,NA
901,UL56,V639M,BCV_EC50_Fc,NA
902,UL56,H637Q,BCV_EC50_Fc,NA
903,UL56,L764M,BCV_EC50_Fc,NA
904,UL56,C25F,BCV_EC50_Fc,NA
905,UL56,S229F,BCV_EC50_Fc,NA
906,UL56,V231A,BCV_EC50_Fc,NA
907,UL56,V231L,BCV_EC50_Fc,NA
908,UL56,N232Y,BCV_EC50_Fc,NA
909,UL56,V236A,BCV_EC50_Fc,NA
910,UL56,V236L,BCV_EC50_Fc,NA
911,UL56,V236M,BCV_EC50_Fc,NA
912,UL56,E237D,BCV_EC50_Fc,NA
913,UL56,L241P,BCV_EC50_Fc,NA
914,UL56,T244K,BCV_EC50_Fc,NA
915,UL56,L254F,BCV_EC50_Fc,NA
916,UL56,L257F,BCV_EC50_Fc,NA
917,UL56,L257I,BCV_EC50_Fc,NA
918,UL56,K258E,BCV_EC50_Fc,NA
919,UL56,F261C,BCV_EC50_Fc,NA
920,UL56,F261L,BCV_EC50_Fc,NA
921,UL56,Y321C,BCV_EC50_Fc,NA
922,UL56,C325F,BCV_EC50_Fc,NA
923,UL56,C325R,BCV_EC50_Fc,NA
924,UL56,C325Y,BCV_EC50_Fc,NA
925,UL56,C325W,BCV_EC50_Fc,NA
926,UL56,L328V,BCV_EC50_Fc,NA
927,UL56,M329T,BCV_EC50_Fc,NA
928,UL56,A365S,BCV_EC50_Fc,NA
929,UL56,N368D,BCV_EC50_Fc,NA
930,UL56,R369G,BCV_EC50_Fc,NA
931,UL56,R369M,BCV_EC50_Fc,NA
932,UL56,R369S,BCV_EC50_Fc,NA
933,UL56,C25F,BCV_EC50_Fc,NA
934,UL56,T244K,BCV_EC50_Fc,NA
935,UL56,E237D,BCV_EC50_Fc,NA
936,UL56,V236L,BCV_EC50_Fc,NA
937,UL56,V236M,BCV_EC50_Fc,NA
938,UL56,S229F,BCV_EC50_Fc,NA
939,UL89,N320H,BCV_EC50_Fc,NA
940,UL89,N329S,BCV_EC50_Fc,NA
941,UL89,D344E,BCV_EC50_Fc,NA
942,UL89,T350M,BCV_EC50_Fc,NA
943,UL56,E237D,BCV_EC50_Fc,NA
944,UL56,F261L,BCV_EC50_Fc,NA
945,UL56,M329T,BCV_EC50_Fc,NA
946,UL56,Q204R,BCV_EC50_Fc,NA
947,UL51,P91S,BCV_EC50_Fc,NA
948,UL51,P91S,BCV_EC50_Fc,NA
949,UL51,P91S,BCV_EC50_Fc,NA
950,UL51,P91S,BCV_EC50_Fc,NA
951,UL51,P91S,BCV_EC50_Fc,NA
952,UL51,P91S,BCV_EC50_Fc,NA
953,UL97,L337M,BCV_EC50_Fc,NA
954,UL97,F342S,BCV_EC50_Fc,NA
955,UL97,V353A,BCV_EC50_Fc,NA
956,UL97,K355del,BCV_EC50_Fc,NA
957,UL97,V356G,BCV_EC50_Fc,NA
958,UL97,L397R,BCV_EC50_Fc,NA
959,UL97,T409M,BCV_EC50_Fc,NA
960,UL97,H411L,BCV_EC50_Fc,NA
961,UL97,H411N,BCV_EC50_Fc,NA
962,UL97,H411Y,BCV_EC50_Fc,NA
963,UL97,D456N,BCV_EC50_Fc,NA
964,UL97,V466G,BCV_EC50_Fc,NA
965,UL97,C480R,BCV_EC50_Fc,NA
966,UL97,P521L,BCV_EC50_Fc,NA
967,UL97,Y617del,BCV_EC50_Fc,NA
968,UL97,V353A,BCV_EC50_Fc,NA
969,UL97,V353A,BCV_EC50_Fc,NA
970,UL27,E22*,BCV_EC50_Fc,NA
971,UL27,W153R,BCV_EC50_Fc,NA
972,UL27,L193F,BCV_EC50_Fc,NA
973,UL27,C218del,BCV_EC50_Fc,NA
974,UL27,R233S,BCV_EC50_Fc,NA
975,UL27,A269T,BCV_EC50_Fc,NA
976,UL27,del301-311,BCV_EC50_Fc,NA
977,UL27,L335P,BCV_EC50_Fc,NA
978,UL27,V353E,BCV_EC50_Fc,NA
979,UL27,W362R,BCV_EC50_Fc,NA
980,UL27,W362*,BCV_EC50_Fc,NA
981,UL27,L426F,BCV_EC50_Fc,NA
982,UL27,A406V,BCV_EC50_Fc,NA
983,UL27,R233S,BCV_EC50_Fc,NA
984,UL27,R233S,BCV_EC50_Fc,NA
985,UL97,L959S,Lentermovir_EC50_fc,
986,UL97,L595T,Lentermovir_EC50_fc,
987,UL97,I1610T,Lentermovir_EC50_fc,
988,UL97,del1600,Lentermovir_EC50_fc,
989,UL97,V498I,Lentermovir_EC50_fc,
990,UL97,A590T,Lentermovir_EC50_fc,
991,UL97,A591D,Lentermovir_EC50_fc,
992,UL97,N597I,Lentermovir_EC50_fc,
993,UL97,G598V,Lentermovir_EC50_fc,
994,UL97,K599M,Lentermovir_EC50_fc,
995,UL97,del600-601,Lentermovir_EC50_fc,
996,UL97,del601-602,Lentermovir_EC50_fc,
997,UL97,C603Y,Lentermovir_EC50_fc,
998,UL97,del597-603,Lentermovir_EC50_fc,
999,UL97,C606D,Lentermovir_EC50_fc,
1000,UL97,C607S,Lentermovir_EC50_fc,
1001,UL97,D605E,Lentermovir_EC50_fc,
1002,UL97,F342S,Lentermovir_EC50_fc,
1003,UL97,del355,Lentermovir_EC50_fc,
1004,UL97,V356G,Lentermovir_EC50_fc,
1005,UL97,L405P,Lentermovir_EC50_fc,
1006,UL97,D456N,Lentermovir_EC50_fc,
1007,UL97,M460I,Lentermovir_EC50_fc,
1008,UL97,M460T,Lentermovir_EC50_fc,
1009,UL97,M460V,Lentermovir_EC50_fc,
1010,UL97,V466G,Lentermovir_EC50_fc,
1011,UL97,C480R,Lentermovir_EC50_fc,
1012,UL97,C518Y,Lentermovir_EC50_fc,
1013,UL97,H520Q,Lentermovir_EC50_fc,
1014,UL97,P521L,Lentermovir_EC50_fc,
1015,UL97,del591-594,Lentermovir_EC50_fc,
1016,UL97,del590-600,Lentermovir_EC50_fc,
1017,UL97,del590-603,Lentermovir_EC50_fc,
1018,UL97,A591V,Lentermovir_EC50_fc,
1019,UL97,del591-607,Lentermovir_EC50_fc,
1020,UL97,C592F,Lentermovir_EC50_fc,
1021,UL97,C592G,Lentermovir_EC50_fc,
1022,UL97,A594E,Lentermovir_EC50_fc,
1023,UL97,A594G,Lentermovir_EC50_fc,
1024,UL97,A594P,Lentermovir_EC50_fc,
1025,UL97,A594T,Lentermovir_EC50_fc,
1026,UL97,A594V,Lentermovir_EC50_fc,
1027,UL97,L595F,Lentermovir_EC50_fc,
1028,UL97,L595S,Lentermovir_EC50_fc,
1029,UL97,L595W,Lentermovir_EC50_fc,
1030,UL97,del595,Lentermovir_EC50_fc,
1031,UL97,del595-603,Lentermovir_EC50_fc,
1032,UL97,del596,Lentermovir_EC50_fc,
1033,UL97,E596G,Lentermovir_EC50_fc,
1034,UL97,E596Y*,Lentermovir_EC50_fc,
1035,UL97,G598S,Lentermovir_EC50_fc,
1036,UL97,K599E,Lentermovir_EC50_fc,
1037,UL97,K599T,Lentermovir_EC50_fc,
1038,UL97,del600,Lentermovir_EC50_fc,
1039,UL97,del601-603,Lentermovir_EC50_fc,
1040,UL97,C603R,Lentermovir_EC50_fc,
1041,UL97,C603S,Lentermovir_EC50_fc,
1042,UL97,C603W,Lentermovir_EC50_fc,
1043,UL97,C607F,Lentermovir_EC50_fc,
1044,UL97,C607Y*,Lentermovir_EC50_fc,
1045,UL97,I610T,Lentermovir_EC50_fc,
1046,UL97,A613V,Lentermovir_EC50_fc,
1047,UL97,del617,Lentermovir_EC50_fc,
1048,UL97,E655K,Lentermovir_EC50_fc,
1049,UL54,D301N,Lentermovir_EC50_fc,
1050,UL54,N408D,Lentermovir_EC50_fc,
1051,UL54,N408K,Lentermovir_EC50_fc,
1052,UL54,N408S,Lentermovir_EC50_fc,
1053,UL54,N410K,Lentermovir_EC50_fc,
1054,UL54,F412C,Lentermovir_EC50_fc,
1055,UL54,F412L,Lentermovir_EC50_fc,
1056,UL54,F412S,Lentermovir_EC50_fc,
1057,UL54,F412V,Lentermovir_EC50_fc,
1058,UL54,D413A,Lentermovir_EC50_fc,
1059,UL54,D413E,Lentermovir_EC50_fc,
1060,UL54,D413N,Lentermovir_EC50_fc,
1061,UL54,P488R,Lentermovir_EC50_fc,
1062,UL54,N495K,Lentermovir_EC50_fc,
1063,UL54,K500N,Lentermovir_EC50_fc,
1064,UL54,L501I,Lentermovir_EC50_fc,
1065,UL54,T503I,Lentermovir_EC50_fc,
1066,UL54,A505V,Lentermovir_EC50_fc,
1067,UL54,K513E,Lentermovir_EC50_fc,
1068,UL54,K513N,Lentermovir_EC50_fc,
1069,UL54,K513R,Lentermovir_EC50_fc,
1070,UL54,D515E,Lentermovir_EC50_fc,
1071,UL54,D515Y,Lentermovir_EC50_fc,
1072,UL54,L516R,Lentermovir_EC50_fc,
1073,UL54,I521T,Lentermovir_EC50_fc,
1074,UL54,P522A,Lentermovir_EC50_fc,
1075,UL54,P522S,Lentermovir_EC50_fc,
1076,UL54,del524,Lentermovir_EC50_fc,
1077,UL54,V526L,Lentermovir_EC50_fc,
1078,UL54,C539G,Lentermovir_EC50_fc,
1079,UL54,C539R,Lentermovir_EC50_fc,
1080,UL54,D542E,Lentermovir_EC50_fc,
1081,UL54,L545S,Lentermovir_EC50_fc,
1082,UL54,L545W,Lentermovir_EC50_fc,
1083,UL54,T552N,Lentermovir_EC50_fc,
1084,UL54,Q578H,Lentermovir_EC50_fc,
1085,UL54,Q578L,Lentermovir_EC50_fc,
1086,UL54,S585A,Lentermovir_EC50_fc,
1087,UL54,D588E,Lentermovir_EC50_fc,
1088,UL54,D588N,Lentermovir_EC50_fc,
1089,UL54,F595I,Lentermovir_EC50_fc,
1090,UL54,T700A,Lentermovir_EC50_fc,
1091,UL54,V715M,Lentermovir_EC50_fc,
1092,UL54,I726T,Lentermovir_EC50_fc,
1093,UL54,I726V,Lentermovir_EC50_fc,
1094,UL54,E756D,Lentermovir_EC50_fc,
1095,UL54,E756K,Lentermovir_EC50_fc,
1096,UL54,E756Q,Lentermovir_EC50_fc,
1097,UL54,L773V,Lentermovir_EC50_fc,
1098,UL54,L776M,Lentermovir_EC50_fc,
1099,UL54,V781I,Lentermovir_EC50_fc,
1100,UL54,V787A,Lentermovir_EC50_fc,
1101,UL54,V787L,Lentermovir_EC50_fc,
1102,UL54,L802M,Lentermovir_EC50_fc,
1103,UL54,L802V,Lentermovir_EC50_fc,
1104,UL54,K805Q,Lentermovir_EC50_fc,
1105,UL54,A809V,Lentermovir_EC50_fc,
1106,UL54,V812L,Lentermovir_EC50_fc,
1107,UL54,T813S,Lentermovir_EC50_fc,
1108,UL54,T821I,Lentermovir_EC50_fc,
1109,UL54,P829S,Lentermovir_EC50_fc,
1110,UL54,A834P,Lentermovir_EC50_fc,
1111,UL54,T838A,Lentermovir_EC50_fc,
1112,UL54,G841A,Lentermovir_EC50_fc,
1113,UL54,G841S,Lentermovir_EC50_fc,
1114,UL54,M844T,Lentermovir_EC50_fc,
1115,UL54,M844V,Lentermovir_EC50_fc,
1116,UL54,L862F,Lentermovir_EC50_fc,
1117,UL54,V946L,Lentermovir_EC50_fc,
1118,UL54,L957F,Lentermovir_EC50_fc,
1119,UL54,del981-2,Lentermovir_EC50_fc,
1120,UL54,A987G,Lentermovir_EC50_fc,
1121,UL89,D344E,Lentermovir_EC50_fc,1.8
1122,UL89,C347S,Lentermovir_EC50_fc,0.6
1123,UL89,R351H,Lentermovir_EC50_fc,0.7
1124,UL56,E769D,Lentermovir_EC50_fc,1
1125,UL56,Q204R,Lentermovir_EC50_fc,1.5
1126,UL56,Q204R,Lentermovir_EC50_fc,2.5
1127,UL56,N232Y,Lentermovir_EC50_fc,17
1128,UL56,K258E,Lentermovir_EC50_fc,14
1129,UL56,F261L,Lentermovir_EC50_fc,2.5
1130,UL56,F261L,Lentermovir_EC50_fc,4.8
1131,UL56,M329T,Lentermovir_EC50_fc,4.5
1132,UL56,M329T,Lentermovir_EC50_fc,8
1133,UL56,E237D,Lentermovir_EC50_fc,16
1134,UL56,E237D,Lentermovir_EC50_fc,34
1135,UL89,N320H,Lentermovir_EC50_fc,1.8
1136,UL89,M359I,Lentermovir_EC50_fc,1.5
1137,UL89,I334V,Lentermovir_EC50_fc,1.1
1138,UL89,N329S,Lentermovir_EC50_fc,2
1139,UL89,T350M,Lentermovir_EC50_fc,2.8
1140,UL89,V362M,Lentermovir_EC50_fc,1.2
1141,UL89,H389N,Lentermovir_EC50_fc,1.1
1142,UL89,N405D,Lentermovir_EC50_fc,1
1143,UL89,I334V,Lentermovir_EC50_fc,1.2
1144,UL56,L208M,Lentermovir_EC50_fc,0.8
1145,UL56,E407D,Lentermovir_EC50_fc,1.3
1146,UL56,H637Q,Lentermovir_EC50_fc,0.9
1147,UL56,V639M,Lentermovir_EC50_fc,1
1148,UL56,H637Q,Lentermovir_EC50_fc,1.2
1149,UL56,L764M,Lentermovir_EC50_fc,1.1
1150,UL56,C25F,Lentermovir_EC50_fc,5.4
1151,UL56,S229F,Lentermovir_EC50_fc,1.8
1152,UL56,V231A,Lentermovir_EC50_fc,2.1
1153,UL56,V231L,Lentermovir_EC50_fc,"5,28"
1154,UL56,N232Y,Lentermovir_EC50_fc,17
1155,UL56,V236A,Lentermovir_EC50_fc,2.9
1156,UL56,V236L,Lentermovir_EC50_fc,14
1157,UL56,V236M,Lentermovir_EC50_fc,"19,49"
1158,UL56,E237D,Lentermovir_EC50_fc,"10,16"
1159,UL56,L241P,Lentermovir_EC50_fc,"96,266"
1160,UL56,T244K,Lentermovir_EC50_fc,3.3
1161,UL56,L254F,Lentermovir_EC50_fc,3.2
1162,UL56,L257F,Lentermovir_EC50_fc,"8.6,14"
1163,UL56,L257I,Lentermovir_EC50_fc,4.9
1164,UL56,K258E,Lentermovir_EC50_fc,14
1165,UL56,F261C,Lentermovir_EC50_fc,4.4
1166,UL56,F261L,Lentermovir_EC50_fc,2.8
1167,UL56,Y321C,Lentermovir_EC50_fc,4.6
1168,UL56,C325F,Lentermovir_EC50_fc,3000
1169,UL56,C325R,Lentermovir_EC50_fc,3000
1170,UL56,C325Y,Lentermovir_EC50_fc,"5,500"
1171,UL56,C325W,Lentermovir_EC50_fc,9000
1172,UL56,L328V,Lentermovir_EC50_fc,1.9
1173,UL56,M329T,Lentermovir_EC50_fc,4.5
1174,UL56,A365S,Lentermovir_EC50_fc,2
1175,UL56,N368D,Lentermovir_EC50_fc,2
1176,UL56,R369G,Lentermovir_EC50_fc,44
1177,UL56,R369M,Lentermovir_EC50_fc,"13,23"
1178,UL56,R369S,Lentermovir_EC50_fc,"38,81"
1179,UL56,C25F,Lentermovir_EC50_fc,46
1180,UL56,T244K,Lentermovir_EC50_fc,8.2
1181,UL56,E237D,Lentermovir_EC50_fc,104
1182,UL56,V236L,Lentermovir_EC50_fc,260
1183,UL56,V236M,Lentermovir_EC50_fc,3000
1184,UL56,S229F,Lentermovir_EC50_fc,54
1185,UL89,N320H,Lentermovir_EC50_fc,1.8
1186,UL89,N329S,Lentermovir_EC50_fc,2
1187,UL89,D344E,Lentermovir_EC50_fc,1.7
1188,UL89,T350M,Lentermovir_EC50_fc,2.8
1189,UL56,E237D,Lentermovir_EC50_fc,34
1190,UL56,F261L,Lentermovir_EC50_fc,4.8
1191,UL56,M329T,Lentermovir_EC50_fc,8
1192,UL56,Q204R,Lentermovir_EC50_fc,2.5
1193,UL51,P91S,Lentermovir_EC50_fc,2.1
1194,UL51,P91S,Lentermovir_EC50_fc,6.3
1195,UL51,P91S,Lentermovir_EC50_fc,28
1196,UL51,P91S,Lentermovir_EC50_fc,126
1197,UL51,P91S,Lentermovir_EC50_fc,290
1198,UL51,P91S,Lentermovir_EC50_fc,4
1199,UL97,L337M,Lentermovir_EC50_fc,
1200,UL97,F342S,Lentermovir_EC50_fc,
1201,UL97,V353A,Lentermovir_EC50_fc,
1202,UL97,K355del,Lentermovir_EC50_fc,
1203,UL97,V356G,Lentermovir_EC50_fc,
1204,UL97,L397R,Lentermovir_EC50_fc,
1205,UL97,T409M,Lentermovir_EC50_fc,
1206,UL97,H411L,Lentermovir_EC50_fc,
1207,UL97,H411N,Lentermovir_EC50_fc,
1208,UL97,H411Y,Lentermovir_EC50_fc,
1209,UL97,D456N,Lentermovir_EC50_fc,
1210,UL97,V466G,Lentermovir_EC50_fc,
1211,UL97,C480R,Lentermovir_EC50_fc,
1212,UL97,P521L,Lentermovir_EC50_fc,
1213,UL97,Y617del,Lentermovir_EC50_fc,
1214,UL97,V353A,Lentermovir_EC50_fc,
1215,UL97,V353A,Lentermovir_EC50_fc,
1216,UL27,E22*,Lentermovir_EC50_fc,
1217,UL27,W153R,Lentermovir_EC50_fc,
1218,UL27,L193F,Lentermovir_EC50_fc,
1219,UL27,C218del,Lentermovir_EC50_fc,
1220,UL27,R233S,Lentermovir_EC50_fc,
1221,UL27,A269T,Lentermovir_EC50_fc,
1222,UL27,del301-311,Lentermovir_EC50_fc,
1223,UL27,L335P,Lentermovir_EC50_fc,
1224,UL27,V353E,Lentermovir_EC50_fc,
1225,UL27,W362R,Lentermovir_EC50_fc,
1226,UL27,W362*,Lentermovir_EC50_fc,
1227,UL27,L426F,Lentermovir_EC50_fc,
1228,UL27,A406V,Lentermovir_EC50_fc,
1229,UL27,R233S,Lentermovir_EC50_fc,
1230,UL27,R233S,Lentermovir_EC50_fc,
1231,UL97,L959S,Tomeglovir_EC50_fc,NA
1232,UL97,L595T,Tomeglovir_EC50_fc,NA
1233,UL97,I1610T,Tomeglovir_EC50_fc,NA
1234,UL97,del1600,Tomeglovir_EC50_fc,NA
1235,UL97,V498I,Tomeglovir_EC50_fc,NA
1236,UL97,A590T,Tomeglovir_EC50_fc,NA
1237,UL97,A591D,Tomeglovir_EC50_fc,NA
1238,UL97,N597I,Tomeglovir_EC50_fc,NA
1239,UL97,G598V,Tomeglovir_EC50_fc,NA
1240,UL97,K599M,Tomeglovir_EC50_fc,NA
1241,UL97,del600-601,Tomeglovir_EC50_fc,NA
1242,UL97,del601-602,Tomeglovir_EC50_fc,NA
1243,UL97,C603Y,Tomeglovir_EC50_fc,NA
1244,UL97,del597-603,Tomeglovir_EC50_fc,NA
1245,UL97,C606D,Tomeglovir_EC50_fc,NA
1246,UL97,C607S,Tomeglovir_EC50_fc,NA
1247,UL97,D605E,Tomeglovir_EC50_fc,NA
1248,UL97,F342S,Tomeglovir_EC50_fc,NA
1249,UL97,del355,Tomeglovir_EC50_fc,NA
1250,UL97,V356G,Tomeglovir_EC50_fc,NA
1251,UL97,L405P,Tomeglovir_EC50_fc,NA
1252,UL97,D456N,Tomeglovir_EC50_fc,NA
1253,UL97,M460I,Tomeglovir_EC50_fc,NA
1254,UL97,M460T,Tomeglovir_EC50_fc,NA
1255,UL97,M460V,Tomeglovir_EC50_fc,NA
1256,UL97,V466G,Tomeglovir_EC50_fc,NA
1257,UL97,C480R,Tomeglovir_EC50_fc,NA
1258,UL97,C518Y,Tomeglovir_EC50_fc,NA
1259,UL97,H520Q,Tomeglovir_EC50_fc,NA
1260,UL97,P521L,Tomeglovir_EC50_fc,NA
1261,UL97,del591-594,Tomeglovir_EC50_fc,NA
1262,UL97,del590-600,Tomeglovir_EC50_fc,NA
1263,UL97,del590-603,Tomeglovir_EC50_fc,NA
1264,UL97,A591V,Tomeglovir_EC50_fc,NA
1265,UL97,del591-607,Tomeglovir_EC50_fc,NA
1266,UL97,C592F,Tomeglovir_EC50_fc,NA
1267,UL97,C592G,Tomeglovir_EC50_fc,NA
1268,UL97,A594E,Tomeglovir_EC50_fc,NA
1269,UL97,A594G,Tomeglovir_EC50_fc,NA
1270,UL97,A594P,Tomeglovir_EC50_fc,NA
1271,UL97,A594T,Tomeglovir_EC50_fc,NA
1272,UL97,A594V,Tomeglovir_EC50_fc,NA
1273,UL97,L595F,Tomeglovir_EC50_fc,NA
1274,UL97,L595S,Tomeglovir_EC50_fc,NA
1275,UL97,L595W,Tomeglovir_EC50_fc,NA
1276,UL97,del595,Tomeglovir_EC50_fc,NA
1277,UL97,del595-603,Tomeglovir_EC50_fc,NA
1278,UL97,del596,Tomeglovir_EC50_fc,NA
1279,UL97,E596G,Tomeglovir_EC50_fc,NA
1280,UL97,E596Y*,Tomeglovir_EC50_fc,NA
1281,UL97,G598S,Tomeglovir_EC50_fc,NA
1282,UL97,K599E,Tomeglovir_EC50_fc,NA
1283,UL97,K599T,Tomeglovir_EC50_fc,NA
1284,UL97,del600,Tomeglovir_EC50_fc,NA
1285,UL97,del601-603,Tomeglovir_EC50_fc,NA
1286,UL97,C603R,Tomeglovir_EC50_fc,NA
1287,UL97,C603S,Tomeglovir_EC50_fc,NA
1288,UL97,C603W,Tomeglovir_EC50_fc,NA
1289,UL97,C607F,Tomeglovir_EC50_fc,NA
1290,UL97,C607Y*,Tomeglovir_EC50_fc,NA
1291,UL97,I610T,Tomeglovir_EC50_fc,NA
1292,UL97,A613V,Tomeglovir_EC50_fc,NA
1293,UL97,del617,Tomeglovir_EC50_fc,NA
1294,UL97,E655K,Tomeglovir_EC50_fc,NA
1295,UL54,D301N,Tomeglovir_EC50_fc,NA
1296,UL54,N408D,Tomeglovir_EC50_fc,NA
1297,UL54,N408K,Tomeglovir_EC50_fc,NA
1298,UL54,N408S,Tomeglovir_EC50_fc,NA
1299,UL54,N410K,Tomeglovir_EC50_fc,NA
1300,UL54,F412C,Tomeglovir_EC50_fc,NA
1301,UL54,F412L,Tomeglovir_EC50_fc,NA
1302,UL54,F412S,Tomeglovir_EC50_fc,NA
1303,UL54,F412V,Tomeglovir_EC50_fc,NA
1304,UL54,D413A,Tomeglovir_EC50_fc,NA
1305,UL54,D413E,Tomeglovir_EC50_fc,NA
1306,UL54,D413N,Tomeglovir_EC50_fc,NA
1307,UL54,P488R,Tomeglovir_EC50_fc,NA
1308,UL54,N495K,Tomeglovir_EC50_fc,NA
1309,UL54,K500N,Tomeglovir_EC50_fc,NA
1310,UL54,L501I,Tomeglovir_EC50_fc,NA
1311,UL54,T503I,Tomeglovir_EC50_fc,NA
1312,UL54,A505V,Tomeglovir_EC50_fc,NA
1313,UL54,K513E,Tomeglovir_EC50_fc,NA
1314,UL54,K513N,Tomeglovir_EC50_fc,NA
1315,UL54,K513R,Tomeglovir_EC50_fc,NA
1316,UL54,D515E,Tomeglovir_EC50_fc,NA
1317,UL54,D515Y,Tomeglovir_EC50_fc,NA
1318,UL54,L516R,Tomeglovir_EC50_fc,NA
1319,UL54,I521T,Tomeglovir_EC50_fc,NA
1320,UL54,P522A,Tomeglovir_EC50_fc,NA
1321,UL54,P522S,Tomeglovir_EC50_fc,NA
1322,UL54,del524,Tomeglovir_EC50_fc,NA
1323,UL54,V526L,Tomeglovir_EC50_fc,NA
1324,UL54,C539G,Tomeglovir_EC50_fc,NA
1325,UL54,C539R,Tomeglovir_EC50_fc,NA
1326,UL54,D542E,Tomeglovir_EC50_fc,NA
1327,UL54,L545S,Tomeglovir_EC50_fc,NA
1328,UL54,L545W,Tomeglovir_EC50_fc,NA
1329,UL54,T552N,Tomeglovir_EC50_fc,NA
1330,UL54,Q578H,Tomeglovir_EC50_fc,NA
1331,UL54,Q578L,Tomeglovir_EC50_fc,NA
1332,UL54,S585A,Tomeglovir_EC50_fc,NA
1333,UL54,D588E,Tomeglovir_EC50_fc,NA
1334,UL54,D588N,Tomeglovir_EC50_fc,NA
1335,UL54,F595I,Tomeglovir_EC50_fc,NA
1336,UL54,T700A,Tomeglovir_EC50_fc,NA
1337,UL54,V715M,Tomeglovir_EC50_fc,NA
1338,UL54,I726T,Tomeglovir_EC50_fc,NA
1339,UL54,I726V,Tomeglovir_EC50_fc,NA
1340,UL54,E756D,Tomeglovir_EC50_fc,NA
1341,UL54,E756K,Tomeglovir_EC50_fc,NA
1342,UL54,E756Q,Tomeglovir_EC50_fc,NA
1343,UL54,L773V,Tomeglovir_EC50_fc,NA
1344,UL54,L776M,Tomeglovir_EC50_fc,NA
1345,UL54,V781I,Tomeglovir_EC50_fc,NA
1346,UL54,V787A,Tomeglovir_EC50_fc,NA
1347,UL54,V787L,Tomeglovir_EC50_fc,NA
1348,UL54,L802M,Tomeglovir_EC50_fc,NA
1349,UL54,L802V,Tomeglovir_EC50_fc,NA
1350,UL54,K805Q,Tomeglovir_EC50_fc,NA
1351,UL54,A809V,Tomeglovir_EC50_fc,NA
1352,UL54,V812L,Tomeglovir_EC50_fc,NA
1353,UL54,T813S,Tomeglovir_EC50_fc,NA
1354,UL54,T821I,Tomeglovir_EC50_fc,NA
1355,UL54,P829S,Tomeglovir_EC50_fc,NA
1356,UL54,A834P,Tomeglovir_EC50_fc,NA
1357,UL54,T838A,Tomeglovir_EC50_fc,NA
1358,UL54,G841A,Tomeglovir_EC50_fc,NA
1359,UL54,G841S,Tomeglovir_EC50_fc,NA
1360,UL54,M844T,Tomeglovir_EC50_fc,NA
1361,UL54,M844V,Tomeglovir_EC50_fc,NA
1362,UL54,L862F,Tomeglovir_EC50_fc,NA
1363,UL54,V946L,Tomeglovir_EC50_fc,NA
1364,UL54,L957F,Tomeglovir_EC50_fc,NA
1365,UL54,del981-2,Tomeglovir_EC50_fc,NA
1366,UL54,A987G,Tomeglovir_EC50_fc,NA
1367,UL89,D344E,Tomeglovir_EC50_fc,1.7
1368,UL89,C347S,Tomeglovir_EC50_fc,0.3
1369,UL89,R351H,Tomeglovir_EC50_fc,0.4
1370,UL56,E769D,Tomeglovir_EC50_fc,0.8
1371,UL56,Q204R,Tomeglovir_EC50_fc,2.7
1372,UL56,Q204R,Tomeglovir_EC50_fc,5.8
1373,UL56,N232Y,Tomeglovir_EC50_fc,2.7
1374,UL56,K258E,Tomeglovir_EC50_fc,0.3
1375,UL56,F261L,Tomeglovir_EC50_fc,1
1376,UL56,F261L,Tomeglovir_EC50_fc,2.1
1377,UL56,M329T,Tomeglovir_EC50_fc,1.1
1378,UL56,M329T,Tomeglovir_EC50_fc,2.2
1379,UL56,E237D,Tomeglovir_EC50_fc,0.3
1380,UL56,E237D,Tomeglovir_EC50_fc,0.6
1381,UL89,N320H,Tomeglovir_EC50_fc,6.5
1382,UL89,M359I,Tomeglovir_EC50_fc,7.4
1383,UL89,I334V,Tomeglovir_EC50_fc,0.9
1384,UL89,N329S,Tomeglovir_EC50_fc,15
1385,UL89,T350M,Tomeglovir_EC50_fc,8.7
1386,UL89,V362M,Tomeglovir_EC50_fc,98
1387,UL89,H389N,Tomeglovir_EC50_fc,29
1388,UL89,N405D,Tomeglovir_EC50_fc,15
1389,UL89,I334V,Tomeglovir_EC50_fc,12
1390,UL56,L208M,Tomeglovir_EC50_fc,3.4
1391,UL56,E407D,Tomeglovir_EC50_fc,6
1392,UL56,H637Q,Tomeglovir_EC50_fc,2
1393,UL56,V639M,Tomeglovir_EC50_fc,10
1394,UL56,H637Q,Tomeglovir_EC50_fc,17
1395,UL56,L764M,Tomeglovir_EC50_fc,0.4
1396,UL56,C25F,Tomeglovir_EC50_fc,NA
1397,UL56,S229F,Tomeglovir_EC50_fc,NA
1398,UL56,V231A,Tomeglovir_EC50_fc,NA
1399,UL56,V231L,Tomeglovir_EC50_fc,NA
1400,UL56,N232Y,Tomeglovir_EC50_fc,NA
1401,UL56,V236A,Tomeglovir_EC50_fc,NA
1402,UL56,V236L,Tomeglovir_EC50_fc,NA
1403,UL56,V236M,Tomeglovir_EC50_fc,NA
1404,UL56,E237D,Tomeglovir_EC50_fc,NA
1405,UL56,L241P,Tomeglovir_EC50_fc,NA
1406,UL56,T244K,Tomeglovir_EC50_fc,NA
1407,UL56,L254F,Tomeglovir_EC50_fc,NA
1408,UL56,L257F,Tomeglovir_EC50_fc,NA
1409,UL56,L257I,Tomeglovir_EC50_fc,NA
1410,UL56,K258E,Tomeglovir_EC50_fc,NA
1411,UL56,F261C,Tomeglovir_EC50_fc,NA
1412,UL56,F261L,Tomeglovir_EC50_fc,NA
1413,UL56,Y321C,Tomeglovir_EC50_fc,NA
1414,UL56,C325F,Tomeglovir_EC50_fc,NA
1415,UL56,C325R,Tomeglovir_EC50_fc,NA
1416,UL56,C325Y,Tomeglovir_EC50_fc,NA
1417,UL56,C325W,Tomeglovir_EC50_fc,NA
1418,UL56,L328V,Tomeglovir_EC50_fc,NA
1419,UL56,M329T,Tomeglovir_EC50_fc,NA
1420,UL56,A365S,Tomeglovir_EC50_fc,NA
1421,UL56,N368D,Tomeglovir_EC50_fc,NA
1422,UL56,R369G,Tomeglovir_EC50_fc,NA
1423,UL56,R369M,Tomeglovir_EC50_fc,NA
1424,UL56,R369S,Tomeglovir_EC50_fc,NA
1425,UL56,C25F,Tomeglovir_EC50_fc,NA
1426,UL56,T244K,Tomeglovir_EC50_fc,NA
1427,UL56,E237D,Tomeglovir_EC50_fc,NA
1428,UL56,V236L,Tomeglovir_EC50_fc,NA
1429,UL56,V236M,Tomeglovir_EC50_fc,NA
1430,UL56,S229F,Tomeglovir_EC50_fc,NA
1431,UL89,N320H,Tomeglovir_EC50_fc,NA
1432,UL89,N329S,Tomeglovir_EC50_fc,NA
1433,UL89,D344E,Tomeglovir_EC50_fc,NA
1434,UL89,T350M,Tomeglovir_EC50_fc,NA
1435,UL56,E237D,Tomeglovir_EC50_fc,NA
1436,UL56,F261L,Tomeglovir_EC50_fc,NA
1437,UL56,M329T,Tomeglovir_EC50_fc,NA
1438,UL56,Q204R,Tomeglovir_EC50_fc,NA
1439,UL51,P91S,Tomeglovir_EC50_fc,NA
1440,UL51,P91S,Tomeglovir_EC50_fc,NA
1441,UL51,P91S,Tomeglovir_EC50_fc,NA
1442,UL51,P91S,Tomeglovir_EC50_fc,NA
1443,UL51,P91S,Tomeglovir_EC50_fc,NA
1444,UL51,P91S,Tomeglovir_EC50_fc,NA
1445,UL97,L337M,Tomeglovir_EC50_fc,NA
1446,UL97,F342S,Tomeglovir_EC50_fc,NA
1447,UL97,V353A,Tomeglovir_EC50_fc,NA
1448,UL97,K355del,Tomeglovir_EC50_fc,NA
1449,UL97,V356G,Tomeglovir_EC50_fc,NA
1450,UL97,L397R,Tomeglovir_EC50_fc,NA
1451,UL97,T409M,Tomeglovir_EC50_fc,NA
1452,UL97,H411L,Tomeglovir_EC50_fc,NA
1453,UL97,H411N,Tomeglovir_EC50_fc,NA
1454,UL97,H411Y,Tomeglovir_EC50_fc,NA
1455,UL97,D456N,Tomeglovir_EC50_fc,NA
1456,UL97,V466G,Tomeglovir_EC50_fc,NA
1457,UL97,C480R,Tomeglovir_EC50_fc,NA
1458,UL97,P521L,Tomeglovir_EC50_fc,NA
1459,UL97,Y617del,Tomeglovir_EC50_fc,NA
1460,UL97,V353A,Tomeglovir_EC50_fc,NA
1461,UL97,V353A,Tomeglovir_EC50_fc,NA
1462,UL27,E22*,Tomeglovir_EC50_fc,NA
1463,UL27,W153R,Tomeglovir_EC50_fc,NA
1464,UL27,L193F,Tomeglovir_EC50_fc,NA
1465,UL27,C218del,Tomeglovir_EC50_fc,NA
1466,UL27,R233S,Tomeglovir_EC50_fc,NA
1467,UL27,A269T,Tomeglovir_EC50_fc,NA
1468,UL27,del301-311,Tomeglovir_EC50_fc,NA
1469,UL27,L335P,Tomeglovir_EC50_fc,NA
1470,UL27,V353E,Tomeglovir_EC50_fc,NA
1471,UL27,W362R,Tomeglovir_EC50_fc,NA
1472,UL27,W362*,Tomeglovir_EC50_fc,NA
1473,UL27,L426F,Tomeglovir_EC50_fc,NA
1474,UL27,A406V,Tomeglovir_EC50_fc,NA
1475,UL27,R233S,Tomeglovir_EC50_fc,NA
1476,UL27,R233S,Tomeglovir_EC50_fc,NA
1477,UL97,L959S,GW275175X_EC50_fc,NA
1478,UL97,L595T,GW275175X_EC50_fc,NA
1479,UL97,I1610T,GW275175X_EC50_fc,NA
1480,UL97,del1600,GW275175X_EC50_fc,NA
1481,UL97,V498I,GW275175X_EC50_fc,NA
1482,UL97,A590T,GW275175X_EC50_fc,NA
1483,UL97,A591D,GW275175X_EC50_fc,NA
1484,UL97,N597I,GW275175X_EC50_fc,NA
1485,UL97,G598V,GW275175X_EC50_fc,NA
1486,UL97,K599M,GW275175X_EC50_fc,NA
1487,UL97,del600-601,GW275175X_EC50_fc,NA
1488,UL97,del601-602,GW275175X_EC50_fc,NA
1489,UL97,C603Y,GW275175X_EC50_fc,NA
1490,UL97,del597-603,GW275175X_EC50_fc,NA
1491,UL97,C606D,GW275175X_EC50_fc,NA
1492,UL97,C607S,GW275175X_EC50_fc,NA
1493,UL97,D605E,GW275175X_EC50_fc,NA
1494,UL97,F342S,GW275175X_EC50_fc,NA
1495,UL97,del355,GW275175X_EC50_fc,NA
1496,UL97,V356G,GW275175X_EC50_fc,NA
1497,UL97,L405P,GW275175X_EC50_fc,NA
1498,UL97,D456N,GW275175X_EC50_fc,NA
1499,UL97,M460I,GW275175X_EC50_fc,NA
1500,UL97,M460T,GW275175X_EC50_fc,NA
1501,UL97,M460V,GW275175X_EC50_fc,NA
1502,UL97,V466G,GW275175X_EC50_fc,NA
1503,UL97,C480R,GW275175X_EC50_fc,NA
1504,UL97,C518Y,GW275175X_EC50_fc,NA
1505,UL97,H520Q,GW275175X_EC50_fc,NA
1506,UL97,P521L,GW275175X_EC50_fc,NA
1507,UL97,del591-594,GW275175X_EC50_fc,NA
1508,UL97,del590-600,GW275175X_EC50_fc,NA
1509,UL97,del590-603,GW275175X_EC50_fc,NA
1510,UL97,A591V,GW275175X_EC50_fc,NA
1511,UL97,del591-607,GW275175X_EC50_fc,NA
1512,UL97,C592F,GW275175X_EC50_fc,NA
1513,UL97,C592G,GW275175X_EC50_fc,NA
1514,UL97,A594E,GW275175X_EC50_fc,NA
1515,UL97,A594G,GW275175X_EC50_fc,NA
1516,UL97,A594P,GW275175X_EC50_fc,NA
1517,UL97,A594T,GW275175X_EC50_fc,NA
1518,UL97,A594V,GW275175X_EC50_fc,NA
1519,UL97,L595F,GW275175X_EC50_fc,NA
1520,UL97,L595S,GW275175X_EC50_fc,NA
1521,UL97,L595W,GW275175X_EC50_fc,NA
1522,UL97,del595,GW275175X_EC50_fc,NA
1523,UL97,del595-603,GW275175X_EC50_fc,NA
1524,UL97,del596,GW275175X_EC50_fc,NA
1525,UL97,E596G,GW275175X_EC50_fc,NA
1526,UL97,E596Y*,GW275175X_EC50_fc,NA
1527,UL97,G598S,GW275175X_EC50_fc,NA
1528,UL97,K599E,GW275175X_EC50_fc,NA
1529,UL97,K599T,GW275175X_EC50_fc,NA
1530,UL97,del600,GW275175X_EC50_fc,NA
1531,UL97,del601-603,GW275175X_EC50_fc,NA
1532,UL97,C603R,GW275175X_EC50_fc,NA
1533,UL97,C603S,GW275175X_EC50_fc,NA
1534,UL97,C603W,GW275175X_EC50_fc,NA
1535,UL97,C607F,GW275175X_EC50_fc,NA
1536,UL97,C607Y*,GW275175X_EC50_fc,NA
1537,UL97,I610T,GW275175X_EC50_fc,NA
1538,UL97,A613V,GW275175X_EC50_fc,NA
1539,UL97,del617,GW275175X_EC50_fc,NA
1540,UL97,E655K,GW275175X_EC50_fc,NA
1541,UL54,D301N,GW275175X_EC50_fc,NA
1542,UL54,N408D,GW275175X_EC50_fc,NA
1543,UL54,N408K,GW275175X_EC50_fc,NA
1544,UL54,N408S,GW275175X_EC50_fc,NA
1545,UL54,N410K,GW275175X_EC50_fc,NA
1546,UL54,F412C,GW275175X_EC50_fc,NA
1547,UL54,F412L,GW275175X_EC50_fc,NA
1548,UL54,F412S,GW275175X_EC50_fc,NA
1549,UL54,F412V,GW275175X_EC50_fc,NA
1550,UL54,D413A,GW275175X_EC50_fc,NA
1551,UL54,D413E,GW275175X_EC50_fc,NA
1552,UL54,D413N,GW275175X_EC50_fc,NA
1553,UL54,P488R,GW275175X_EC50_fc,NA
1554,UL54,N495K,GW275175X_EC50_fc,NA
1555,UL54,K500N,GW275175X_EC50_fc,NA
1556,UL54,L501I,GW275175X_EC50_fc,NA
1557,UL54,T503I,GW275175X_EC50_fc,NA
1558,UL54,A505V,GW275175X_EC50_fc,NA
1559,UL54,K513E,GW275175X_EC50_fc,NA
1560,UL54,K513N,GW275175X_EC50_fc,NA
1561,UL54,K513R,GW275175X_EC50_fc,NA
1562,UL54,D515E,GW275175X_EC50_fc,NA
1563,UL54,D515Y,GW275175X_EC50_fc,NA
1564,UL54,L516R,GW275175X_EC50_fc,NA
1565,UL54,I521T,GW275175X_EC50_fc,NA
1566,UL54,P522A,GW275175X_EC50_fc,NA
1567,UL54,P522S,GW275175X_EC50_fc,NA
1568,UL54,del524,GW275175X_EC50_fc,NA
1569,UL54,V526L,GW275175X_EC50_fc,NA
1570,UL54,C539G,GW275175X_EC50_fc,NA
1571,UL54,C539R,GW275175X_EC50_fc,NA
1572,UL54,D542E,GW275175X_EC50_fc,NA
1573,UL54,L545S,GW275175X_EC50_fc,NA
1574,UL54,L545W,GW275175X_EC50_fc,NA
1575,UL54,T552N,GW275175X_EC50_fc,NA
1576,UL54,Q578H,GW275175X_EC50_fc,NA
1577,UL54,Q578L,GW275175X_EC50_fc,NA
1578,UL54,S585A,GW275175X_EC50_fc,NA
1579,UL54,D588E,GW275175X_EC50_fc,NA
1580,UL54,D588N,GW275175X_EC50_fc,NA
1581,UL54,F595I,GW275175X_EC50_fc,NA
1582,UL54,T700A,GW275175X_EC50_fc,NA
1583,UL54,V715M,GW275175X_EC50_fc,NA
1584,UL54,I726T,GW275175X_EC50_fc,NA
1585,UL54,I726V,GW275175X_EC50_fc,NA
1586,UL54,E756D,GW275175X_EC50_fc,NA
1587,UL54,E756K,GW275175X_EC50_fc,NA
1588,UL54,E756Q,GW275175X_EC50_fc,NA
1589,UL54,L773V,GW275175X_EC50_fc,NA
1590,UL54,L776M,GW275175X_EC50_fc,NA
1591,UL54,V781I,GW275175X_EC50_fc,NA
1592,UL54,V787A,GW275175X_EC50_fc,NA
1593,UL54,V787L,GW275175X_EC50_fc,NA
1594,UL54,L802M,GW275175X_EC50_fc,NA
1595,UL54,L802V,GW275175X_EC50_fc,NA
1596,UL54,K805Q,GW275175X_EC50_fc,NA
1597,UL54,A809V,GW275175X_EC50_fc,NA
1598,UL54,V812L,GW275175X_EC50_fc,NA
1599,UL54,T813S,GW275175X_EC50_fc,NA
1600,UL54,T821I,GW275175X_EC50_fc,NA
1601,UL54,P829S,GW275175X_EC50_fc,NA
1602,UL54,A834P,GW275175X_EC50_fc,NA
1603,UL54,T838A,GW275175X_EC50_fc,NA
1604,UL54,G841A,GW275175X_EC50_fc,NA
1605,UL54,G841S,GW275175X_EC50_fc,NA
1606,UL54,M844T,GW275175X_EC50_fc,NA
1607,UL54,M844V,GW275175X_EC50_fc,NA
1608,UL54,L862F,GW275175X_EC50_fc,NA
1609,UL54,V946L,GW275175X_EC50_fc,NA
1610,UL54,L957F,GW275175X_EC50_fc,NA
1611,UL54,del981-2,GW275175X_EC50_fc,NA
1612,UL54,A987G,GW275175X_EC50_fc,NA
1613,UL89,D344E,GW275175X_EC50_fc,9.4
1614,UL89,C347S,GW275175X_EC50_fc,27
1615,UL89,R351H,GW275175X_EC50_fc,8.5
1616,UL56,E769D,GW275175X_EC50_fc,0.7
1617,UL56,Q204R,GW275175X_EC50_fc,4.2
1618,UL56,Q204R,GW275175X_EC50_fc,21
1619,UL56,N232Y,GW275175X_EC50_fc,0.8
1620,UL56,K258E,GW275175X_EC50_fc,0.7
1621,UL56,F261L,GW275175X_EC50_fc,0.7
1622,UL56,F261L,GW275175X_EC50_fc,10
1623,UL56,M329T,GW275175X_EC50_fc,0.8
1624,UL56,M329T,GW275175X_EC50_fc,10
1625,UL56,E237D,GW275175X_EC50_fc,0.5
1626,UL56,E237D,GW275175X_EC50_fc,7.4
1627,UL89,N320H,GW275175X_EC50_fc,4.2
1628,UL89,M359I,GW275175X_EC50_fc,0.5
1629,UL89,I334V,GW275175X_EC50_fc,0.9
1630,UL89,N329S,GW275175X_EC50_fc,0.7
1631,UL89,T350M,GW275175X_EC50_fc,5.1
1632,UL89,V362M,GW275175X_EC50_fc,0.6
1633,UL89,H389N,GW275175X_EC50_fc,0.9
1634,UL89,N405D,GW275175X_EC50_fc,0.7
1635,UL89,I334V,GW275175X_EC50_fc,0.6
1636,UL56,L208M,GW275175X_EC50_fc,0.7
1637,UL56,E407D,GW275175X_EC50_fc,0.9
1638,UL56,H637Q,GW275175X_EC50_fc,0.9
1639,UL56,V639M,GW275175X_EC50_fc,0.9
1640,UL56,H637Q,GW275175X_EC50_fc,0.8
1641,UL56,L764M,GW275175X_EC50_fc,1
1642,UL56,C25F,GW275175X_EC50_fc,NA
1643,UL56,S229F,GW275175X_EC50_fc,NA
1644,UL56,V231A,GW275175X_EC50_fc,NA
1645,UL56,V231L,GW275175X_EC50_fc,NA
1646,UL56,N232Y,GW275175X_EC50_fc,NA
1647,UL56,V236A,GW275175X_EC50_fc,NA
1648,UL56,V236L,GW275175X_EC50_fc,NA
1649,UL56,V236M,GW275175X_EC50_fc,NA
1650,UL56,E237D,GW275175X_EC50_fc,NA
1651,UL56,L241P,GW275175X_EC50_fc,NA
1652,UL56,T244K,GW275175X_EC50_fc,NA
1653,UL56,L254F,GW275175X_EC50_fc,NA
1654,UL56,L257F,GW275175X_EC50_fc,NA
1655,UL56,L257I,GW275175X_EC50_fc,NA
1656,UL56,K258E,GW275175X_EC50_fc,NA
1657,UL56,F261C,GW275175X_EC50_fc,NA
1658,UL56,F261L,GW275175X_EC50_fc,NA
1659,UL56,Y321C,GW275175X_EC50_fc,NA
1660,UL56,C325F,GW275175X_EC50_fc,NA
1661,UL56,C325R,GW275175X_EC50_fc,NA
1662,UL56,C325Y,GW275175X_EC50_fc,NA
1663,UL56,C325W,GW275175X_EC50_fc,NA
1664,UL56,L328V,GW275175X_EC50_fc,NA
1665,UL56,M329T,GW275175X_EC50_fc,NA
1666,UL56,A365S,GW275175X_EC50_fc,NA
1667,UL56,N368D,GW275175X_EC50_fc,NA
1668,UL56,R369G,GW275175X_EC50_fc,NA
1669,UL56,R369M,GW275175X_EC50_fc,NA
1670,UL56,R369S,GW275175X_EC50_fc,NA
1671,UL56,C25F,GW275175X_EC50_fc,NA
1672,UL56,T244K,GW275175X_EC50_fc,NA
1673,UL56,E237D,GW275175X_EC50_fc,NA
1674,UL56,V236L,GW275175X_EC50_fc,NA
1675,UL56,V236M,GW275175X_EC50_fc,NA
1676,UL56,S229F,GW275175X_EC50_fc,NA
1677,UL89,N320H,GW275175X_EC50_fc,NA
1678,UL89,N329S,GW275175X_EC50_fc,NA
1679,UL89,D344E,GW275175X_EC50_fc,NA
1680,UL89,T350M,GW275175X_EC50_fc,NA
1681,UL56,E237D,GW275175X_EC50_fc,NA
1682,UL56,F261L,GW275175X_EC50_fc,NA
1683,UL56,M329T,GW275175X_EC50_fc,NA
1684,UL56,Q204R,GW275175X_EC50_fc,NA
1685,UL51,P91S,GW275175X_EC50_fc,NA
1686,UL51,P91S,GW275175X_EC50_fc,NA
1687,UL51,P91S,GW275175X_EC50_fc,NA
1688,UL51,P91S,GW275175X_EC50_fc,NA
1689,UL51,P91S,GW275175X_EC50_fc,NA
1690,UL51,P91S,GW275175X_EC50_fc,NA
1691,UL97,L337M,GW275175X_EC50_fc,NA
1692,UL97,F342S,GW275175X_EC50_fc,NA
1693,UL97,V353A,GW275175X_EC50_fc,NA
1694,UL97,K355del,GW275175X_EC50_fc,NA
1695,UL97,V356G,GW275175X_EC50_fc,NA
1696,UL97,L397R,GW275175X_EC50_fc,NA
1697,UL97,T409M,GW275175X_EC50_fc,NA
1698,UL97,H411L,GW275175X_EC50_fc,NA
1699,UL97,H411N,GW275175X_EC50_fc,NA
1700,UL97,H411Y,GW275175X_EC50_fc,NA
1701,UL97,D456N,GW275175X_EC50_fc,NA
1702,UL97,V466G,GW275175X_EC50_fc,NA
1703,UL97,C480R,GW275175X_EC50_fc,NA
1704,UL97,P521L,GW275175X_EC50_fc,NA
1705,UL97,Y617del,GW275175X_EC50_fc,NA
1706,UL97,V353A,GW275175X_EC50_fc,NA
1707,UL97,V353A,GW275175X_EC50_fc,NA
1708,UL27,E22*,GW275175X_EC50_fc,NA
1709,UL27,W153R,GW275175X_EC50_fc,NA
1710,UL27,L193F,GW275175X_EC50_fc,NA
1711,UL27,C218del,GW275175X_EC50_fc,NA
1712,UL27,R233S,GW275175X_EC50_fc,NA
1713,UL27,A269T,GW275175X_EC50_fc,NA
1714,UL27,del301-311,GW275175X_EC50_fc,NA
1715,UL27,L335P,GW275175X_EC50_fc,NA
1716,UL27,V353E,GW275175X_EC50_fc,NA
1717,UL27,W362R,GW275175X_EC50_fc,NA
1718,UL27,W362*,GW275175X_EC50_fc,NA
1719,UL27,L426F,GW275175X_EC50_fc,NA
1720,UL27,A406V,GW275175X_EC50_fc,NA
1721,UL27,R233S,GW275175X_EC50_fc,NA
1722,UL27,R233S,GW275175X_EC50_fc,NA
1723,UL97,L959S,Maribavir_EC50_fc,
1724,UL97,L595T,Maribavir_EC50_fc,
1725,UL97,I1610T,Maribavir_EC50_fc,
1726,UL97,del1600,Maribavir_EC50_fc,
1727,UL97,V498I,Maribavir_EC50_fc,
1728,UL97,A590T,Maribavir_EC50_fc,
1729,UL97,A591D,Maribavir_EC50_fc,
1730,UL97,N597I,Maribavir_EC50_fc,
1731,UL97,G598V,Maribavir_EC50_fc,
1732,UL97,K599M,Maribavir_EC50_fc,
1733,UL97,del600-601,Maribavir_EC50_fc,
1734,UL97,del601-602,Maribavir_EC50_fc,
1735,UL97,C603Y,Maribavir_EC50_fc,
1736,UL97,del597-603,Maribavir_EC50_fc,
1737,UL97,C606D,Maribavir_EC50_fc,
1738,UL97,C607S,Maribavir_EC50_fc,
1739,UL97,D605E,Maribavir_EC50_fc,
1740,UL97,F342S,Maribavir_EC50_fc,
1741,UL97,del355,Maribavir_EC50_fc,
1742,UL97,V356G,Maribavir_EC50_fc,
1743,UL97,L405P,Maribavir_EC50_fc,
1744,UL97,D456N,Maribavir_EC50_fc,
1745,UL97,M460I,Maribavir_EC50_fc,
1746,UL97,M460T,Maribavir_EC50_fc,
1747,UL97,M460V,Maribavir_EC50_fc,
1748,UL97,V466G,Maribavir_EC50_fc,
1749,UL97,C480R,Maribavir_EC50_fc,
1750,UL97,C518Y,Maribavir_EC50_fc,
1751,UL97,H520Q,Maribavir_EC50_fc,
1752,UL97,P521L,Maribavir_EC50_fc,
1753,UL97,del591-594,Maribavir_EC50_fc,
1754,UL97,del590-600,Maribavir_EC50_fc,
1755,UL97,del590-603,Maribavir_EC50_fc,
1756,UL97,A591V,Maribavir_EC50_fc,
1757,UL97,del591-607,Maribavir_EC50_fc,
1758,UL97,C592F,Maribavir_EC50_fc,
1759,UL97,C592G,Maribavir_EC50_fc,
1760,UL97,A594E,Maribavir_EC50_fc,
1761,UL97,A594G,Maribavir_EC50_fc,
1762,UL97,A594P,Maribavir_EC50_fc,
1763,UL97,A594T,Maribavir_EC50_fc,
1764,UL97,A594V,Maribavir_EC50_fc,
1765,UL97,L595F,Maribavir_EC50_fc,
1766,UL97,L595S,Maribavir_EC50_fc,
1767,UL97,L595W,Maribavir_EC50_fc,
1768,UL97,del595,Maribavir_EC50_fc,
1769,UL97,del595-603,Maribavir_EC50_fc,
1770,UL97,del596,Maribavir_EC50_fc,
1771,UL97,E596G,Maribavir_EC50_fc,
1772,UL97,E596Y*,Maribavir_EC50_fc,
1773,UL97,G598S,Maribavir_EC50_fc,
1774,UL97,K599E,Maribavir_EC50_fc,
1775,UL97,K599T,Maribavir_EC50_fc,
1776,UL97,del600,Maribavir_EC50_fc,
1777,UL97,del601-603,Maribavir_EC50_fc,
1778,UL97,C603R,Maribavir_EC50_fc,
1779,UL97,C603S,Maribavir_EC50_fc,
1780,UL97,C603W,Maribavir_EC50_fc,
1781,UL97,C607F,Maribavir_EC50_fc,
1782,UL97,C607Y*,Maribavir_EC50_fc,
1783,UL97,I610T,Maribavir_EC50_fc,
1784,UL97,A613V,Maribavir_EC50_fc,
1785,UL97,del617,Maribavir_EC50_fc,
1786,UL97,E655K,Maribavir_EC50_fc,
1787,UL54,D301N,Maribavir_EC50_fc,
1788,UL54,N408D,Maribavir_EC50_fc,
1789,UL54,N408K,Maribavir_EC50_fc,
1790,UL54,N408S,Maribavir_EC50_fc,
1791,UL54,N410K,Maribavir_EC50_fc,
1792,UL54,F412C,Maribavir_EC50_fc,
1793,UL54,F412L,Maribavir_EC50_fc,
1794,UL54,F412S,Maribavir_EC50_fc,
1795,UL54,F412V,Maribavir_EC50_fc,
1796,UL54,D413A,Maribavir_EC50_fc,
1797,UL54,D413E,Maribavir_EC50_fc,
1798,UL54,D413N,Maribavir_EC50_fc,
1799,UL54,P488R,Maribavir_EC50_fc,
1800,UL54,N495K,Maribavir_EC50_fc,
1801,UL54,K500N,Maribavir_EC50_fc,
1802,UL54,L501I,Maribavir_EC50_fc,
1803,UL54,T503I,Maribavir_EC50_fc,
1804,UL54,A505V,Maribavir_EC50_fc,
1805,UL54,K513E,Maribavir_EC50_fc,
1806,UL54,K513N,Maribavir_EC50_fc,
1807,UL54,K513R,Maribavir_EC50_fc,
1808,UL54,D515E,Maribavir_EC50_fc,
1809,UL54,D515Y,Maribavir_EC50_fc,
1810,UL54,L516R,Maribavir_EC50_fc,
1811,UL54,I521T,Maribavir_EC50_fc,
1812,UL54,P522A,Maribavir_EC50_fc,
1813,UL54,P522S,Maribavir_EC50_fc,
1814,UL54,del524,Maribavir_EC50_fc,
1815,UL54,V526L,Maribavir_EC50_fc,
1816,UL54,C539G,Maribavir_EC50_fc,
1817,UL54,C539R,Maribavir_EC50_fc,
1818,UL54,D542E,Maribavir_EC50_fc,
1819,UL54,L545S,Maribavir_EC50_fc,
1820,UL54,L545W,Maribavir_EC50_fc,
1821,UL54,T552N,Maribavir_EC50_fc,
1822,UL54,Q578H,Maribavir_EC50_fc,
1823,UL54,Q578L,Maribavir_EC50_fc,
1824,UL54,S585A,Maribavir_EC50_fc,
1825,UL54,D588E,Maribavir_EC50_fc,
1826,UL54,D588N,Maribavir_EC50_fc,
1827,UL54,F595I,Maribavir_EC50_fc,
1828,UL54,T700A,Maribavir_EC50_fc,
1829,UL54,V715M,Maribavir_EC50_fc,
1830,UL54,I726T,Maribavir_EC50_fc,
1831,UL54,I726V,Maribavir_EC50_fc,
1832,UL54,E756D,Maribavir_EC50_fc,
1833,UL54,E756K,Maribavir_EC50_fc,
1834,UL54,E756Q,Maribavir_EC50_fc,
1835,UL54,L773V,Maribavir_EC50_fc,
1836,UL54,L776M,Maribavir_EC50_fc,
1837,UL54,V781I,Maribavir_EC50_fc,
1838,UL54,V787A,Maribavir_EC50_fc,
1839,UL54,V787L,Maribavir_EC50_fc,
1840,UL54,L802M,Maribavir_EC50_fc,
1841,UL54,L802V,Maribavir_EC50_fc,
1842,UL54,K805Q,Maribavir_EC50_fc,
1843,UL54,A809V,Maribavir_EC50_fc,
1844,UL54,V812L,Maribavir_EC50_fc,
1845,UL54,T813S,Maribavir_EC50_fc,
1846,UL54,T821I,Maribavir_EC50_fc,
1847,UL54,P829S,Maribavir_EC50_fc,
1848,UL54,A834P,Maribavir_EC50_fc,
1849,UL54,T838A,Maribavir_EC50_fc,
1850,UL54,G841A,Maribavir_EC50_fc,
1851,UL54,G841S,Maribavir_EC50_fc,
1852,UL54,M844T,Maribavir_EC50_fc,
1853,UL54,M844V,Maribavir_EC50_fc,
1854,UL54,L862F,Maribavir_EC50_fc,
1855,UL54,V946L,Maribavir_EC50_fc,
1856,UL54,L957F,Maribavir_EC50_fc,
1857,UL54,del981-2,Maribavir_EC50_fc,
1858,UL54,A987G,Maribavir_EC50_fc,
1859,UL89,D344E,Maribavir_EC50_fc,
1860,UL89,C347S,Maribavir_EC50_fc,
1861,UL89,R351H,Maribavir_EC50_fc,
1862,UL56,E769D,Maribavir_EC50_fc,
1863,UL56,Q204R,Maribavir_EC50_fc,
1864,UL56,Q204R,Maribavir_EC50_fc,
1865,UL56,N232Y,Maribavir_EC50_fc,
1866,UL56,K258E,Maribavir_EC50_fc,
1867,UL56,F261L,Maribavir_EC50_fc,
1868,UL56,F261L,Maribavir_EC50_fc,
1869,UL56,M329T,Maribavir_EC50_fc,
1870,UL56,M329T,Maribavir_EC50_fc,
1871,UL56,E237D,Maribavir_EC50_fc,
1872,UL56,E237D,Maribavir_EC50_fc,
1873,UL89,N320H,Maribavir_EC50_fc,
1874,UL89,M359I,Maribavir_EC50_fc,
1875,UL89,I334V,Maribavir_EC50_fc,
1876,UL89,N329S,Maribavir_EC50_fc,
1877,UL89,T350M,Maribavir_EC50_fc,
1878,UL89,V362M,Maribavir_EC50_fc,
1879,UL89,H389N,Maribavir_EC50_fc,
1880,UL89,N405D,Maribavir_EC50_fc,
1881,UL89,I334V,Maribavir_EC50_fc,
1882,UL56,L208M,Maribavir_EC50_fc,
1883,UL56,E407D,Maribavir_EC50_fc,
1884,UL56,H637Q,Maribavir_EC50_fc,
1885,UL56,V639M,Maribavir_EC50_fc,
1886,UL56,H637Q,Maribavir_EC50_fc,
1887,UL56,L764M,Maribavir_EC50_fc,
1888,UL56,C25F,Maribavir_EC50_fc,
1889,UL56,S229F,Maribavir_EC50_fc,
1890,UL56,V231A,Maribavir_EC50_fc,
1891,UL56,V231L,Maribavir_EC50_fc,
1892,UL56,N232Y,Maribavir_EC50_fc,
1893,UL56,V236A,Maribavir_EC50_fc,
1894,UL56,V236L,Maribavir_EC50_fc,
1895,UL56,V236M,Maribavir_EC50_fc,
1896,UL56,E237D,Maribavir_EC50_fc,
1897,UL56,L241P,Maribavir_EC50_fc,
1898,UL56,T244K,Maribavir_EC50_fc,
1899,UL56,L254F,Maribavir_EC50_fc,
1900,UL56,L257F,Maribavir_EC50_fc,
1901,UL56,L257I,Maribavir_EC50_fc,
1902,UL56,K258E,Maribavir_EC50_fc,
1903,UL56,F261C,Maribavir_EC50_fc,
1904,UL56,F261L,Maribavir_EC50_fc,
1905,UL56,Y321C,Maribavir_EC50_fc,
1906,UL56,C325F,Maribavir_EC50_fc,
1907,UL56,C325R,Maribavir_EC50_fc,
1908,UL56,C325Y,Maribavir_EC50_fc,
1909,UL56,C325W,Maribavir_EC50_fc,
1910,UL56,L328V,Maribavir_EC50_fc,
1911,UL56,M329T,Maribavir_EC50_fc,
1912,UL56,A365S,Maribavir_EC50_fc,
1913,UL56,N368D,Maribavir_EC50_fc,
1914,UL56,R369G,Maribavir_EC50_fc,
1915,UL56,R369M,Maribavir_EC50_fc,
1916,UL56,R369S,Maribavir_EC50_fc,
1917,UL56,C25F,Maribavir_EC50_fc,
1918,UL56,T244K,Maribavir_EC50_fc,
1919,UL56,E237D,Maribavir_EC50_fc,
1920,UL56,V236L,Maribavir_EC50_fc,
1921,UL56,V236M,Maribavir_EC50_fc,
1922,UL56,S229F,Maribavir_EC50_fc,
1923,UL89,N320H,Maribavir_EC50_fc,
1924,UL89,N329S,Maribavir_EC50_fc,
1925,UL89,D344E,Maribavir_EC50_fc,
1926,UL89,T350M,Maribavir_EC50_fc,
1927,UL56,E237D,Maribavir_EC50_fc,
1928,UL56,F261L,Maribavir_EC50_fc,
1929,UL56,M329T,Maribavir_EC50_fc,
1930,UL56,Q204R,Maribavir_EC50_fc,
1931,UL51,P91S,Maribavir_EC50_fc,
1932,UL51,P91S,Maribavir_EC50_fc,
1933,UL51,P91S,Maribavir_EC50_fc,
1934,UL51,P91S,Maribavir_EC50_fc,
1935,UL51,P91S,Maribavir_EC50_fc,
1936,UL51,P91S,Maribavir_EC50_fc,
1937,UL97,L337M,Maribavir_EC50_fc,3.4
1938,UL97,F342S,Maribavir_EC50_fc,18
1939,UL97,V353A,Maribavir_EC50_fc,"10,16"
1940,UL97,K355del,Maribavir_EC50_fc,304
1941,UL97,V356G,Maribavir_EC50_fc,108
1942,UL97,L397R,Maribavir_EC50_fc,>200
1943,UL97,T409M,Maribavir_EC50_fc,81
1944,UL97,H411L,Maribavir_EC50_fc,69
1945,UL97,H411N,Maribavir_EC50_fc,9
1946,UL97,H411Y,Maribavir_EC50_fc,12
1947,UL97,D456N,Maribavir_EC50_fc,278
1948,UL97,V466G,Maribavir_EC50_fc,321
1949,UL97,C480R,Maribavir_EC50_fc,243
1950,UL97,P521L,Maribavir_EC50_fc,445
1951,UL97,Y617del,Maribavir_EC50_fc,372
1952,UL97,V353A,Maribavir_EC50_fc,227
1953,UL97,V353A,Maribavir_EC50_fc,164
1954,UL27,E22*,Maribavir_EC50_fc,2
1955,UL27,W153R,Maribavir_EC50_fc,1.7
1956,UL27,L193F,Maribavir_EC50_fc,2.6
1957,UL27,C218del,Maribavir_EC50_fc,2.5
1958,UL27,R233S,Maribavir_EC50_fc,"1.8,4.8"
1959,UL27,A269T,Maribavir_EC50_fc,2
1960,UL27,del301-311,Maribavir_EC50_fc,3.1
1961,UL27,L335P,Maribavir_EC50_fc,23
1962,UL27,V353E,Maribavir_EC50_fc,2.1
1963,UL27,W362R,Maribavir_EC50_fc,1.9
1964,UL27,W362*,Maribavir_EC50_fc,2.2
1965,UL27,L426F,Maribavir_EC50_fc,2.2
1966,UL27,A406V,Maribavir_EC50_fc,3.5
1967,UL27,R233S,Maribavir_EC50_fc,7.2
1968,UL27,R233S,Maribavir_EC50_fc,27